loan_id,customer_id,loan_type,loan_amount,interest_rate,start_date,end_date,status
1,212,Education,713212.42,10.92,2020-09-21,2025-03-14,Active
2,199,Home,904508.44,12.09,2023-08-08,2024-07-12,Active
3,399,Personal,781086.49,12.43,2023-06-14,2026-05-27,Defaulted
4,44,Business,1447589.4,9.12,2019-07-19,2024-03-12,Closed
5,372,Auto,56289.56,5.25,2021-07-23,2026-07-05,Closed
6,462,Home,1117510.2,13.51,2022-06-05,2026-05-11,Active
7,287,Auto,852178.18,10.6,2019-12-16,2026-04-01,Defaulted
8,464,Home,677575.05,10.06,2023-09-07,2025-05-02,Active
9,125,Education,898425.03,11.89,2022-04-25,2026-08-19,Defaulted
10,293,Auto,1390337.77,10.41,2019-05-11,2025-11-26,Defaulted
11,267,Home,1182568.17,11.2,2023-08-02,2025-01-11,Closed
12,87,Personal,1369763.16,15.2,2023-08-02,2024-07-02,Active
13,351,Business,1053135.68,14.83,2019-08-06,2024-01-14,Closed
14,195,Personal,301792.89,10.6,2019-08-22,2025-11-21,Closed
15,87,Education,1232104.02,15.96,2021-10-15,2025-05-18,Active
16,72,Education,200153.24,14.14,2022-05-03,2025-11-19,Active
17,138,Home,1003406.63,8.95,2023-06-25,2024-04-17,Closed
18,155,Personal,928933.12,11.6,2022-06-14,2025-02-09,Active
19,138,Auto,516673.45,13.91,2020-03-27,2025-03-24,Active
20,253,Home,1328016.32,7.88,2019-05-10,2025-06-19,Active
21,75,Home,657063.88,6.89,2023-07-06,2025-11-05,Active
22,33,Personal,933040.86,10.55,2020-02-20,2025-11-23,Closed
23,86,Business,1054147.53,8.5,2021-05-22,2024-03-28,Closed
24,223,Education,409946.24,10.6,2020-11-21,2024-05-02,Closed
25,142,Auto,626911.49,12.93,2023-07-20,2024-05-26,Defaulted
26,216,Education,547145.27,8.32,2023-09-08,2025-02-08,Defaulted
27,154,Home,476551.64,9.43,2023-02-20,2025-02-14,Active
28,248,Business,1216955.4,15.52,2022-10-21,2025-12-12,Active
29,401,Home,250361.01,4.0,2021-04-03,2025-08-27,Closed
30,40,Business,923660.45,4.42,2020-10-26,2024-04-14,Closed
31,185,Personal,1335333.44,7.41,2019-09-05,2026-01-29,Closed
32,129,Education,792827.2,4.2,2022-11-02,2026-08-05,Defaulted
33,484,Home,1272457.93,5.62,2022-03-25,2026-07-02,Closed
34,127,Business,844318.66,14.68,2022-01-22,2024-06-21,Defaulted
35,370,Business,505170.65,4.08,2019-10-09,2024-03-07,Defaulted
36,321,Home,1118387.04,15.81,2020-10-20,2025-01-07,Active
37,254,Education,852693.27,6.58,2023-09-10,2026-09-25,Closed
38,305,Personal,365146.71,7.78,2023-06-13,2024-07-22,Defaulted
39,316,Personal,354083.41,13.26,2020-03-12,2024-12-12,Active
40,101,Auto,1085857.58,15.32,2023-04-15,2024-07-24,Closed
41,235,Auto,1045586.38,13.87,2019-04-04,2025-09-01,Defaulted
42,55,Auto,1385728.06,15.03,2022-04-29,2026-05-14,Active
43,70,Education,242374.01,10.14,2019-12-22,2025-02-17,Closed
44,156,Auto,1080074.84,10.85,2020-11-18,2024-05-05,Closed
45,4,Auto,1464010.27,10.86,2019-05-10,2024-08-26,Closed
46,486,Education,307828.41,5.13,2019-09-05,2026-05-08,Closed
47,203,Auto,836612.64,9.52,2020-07-14,2025-03-10,Closed
48,171,Personal,973472.28,5.87,2019-10-17,2026-01-12,Defaulted
49,431,Home,1080011.45,7.18,2023-04-01,2025-05-26,Defaulted
50,318,Personal,1153123.79,14.68,2021-04-30,2024-10-12,Closed
51,195,Personal,865306.31,7.0,2019-12-11,2026-02-22,Active
52,412,Business,895069.09,7.07,2022-11-27,2025-12-31,Closed
53,442,Home,1416876.79,7.6,2021-01-27,2026-02-23,Closed
54,169,Personal,1079679.27,10.85,2022-02-07,2025-08-18,Defaulted
55,226,Home,1027653.05,10.83,2019-12-04,2025-08-30,Active
56,172,Personal,1346105.7,6.61,2021-06-17,2024-10-06,Closed
57,221,Education,824159.07,4.93,2020-05-13,2026-02-13,Defaulted
58,418,Education,1322341.99,7.9,2022-04-06,2026-03-19,Closed
59,422,Auto,662460.24,9.79,2019-03-25,2026-03-31,Active
60,441,Education,68517.25,9.86,2019-10-01,2025-10-21,Active
61,334,Home,204382.18,14.79,2019-07-24,2026-08-23,Defaulted
62,499,Business,602261.95,12.43,2023-06-09,2025-02-13,Closed
63,305,Auto,126944.25,13.83,2023-10-02,2024-12-30,Closed
64,70,Personal,132076.92,5.14,2022-07-18,2025-05-02,Defaulted
65,154,Education,437118.49,11.71,2022-06-08,2025-11-13,Active
66,165,Auto,1189021.68,4.45,2021-02-09,2025-09-09,Defaulted
67,309,Education,1476121.97,13.7,2023-05-12,2026-08-30,Defaulted
68,486,Auto,1040915.98,8.58,2019-11-20,2025-02-18,Defaulted
69,356,Home,262321.17,13.36,2019-02-02,2025-05-11,Active
70,103,Home,139947.59,15.06,2021-09-24,2025-06-07,Closed
71,246,Personal,1187318.23,8.01,2019-06-15,2024-10-12,Defaulted
72,161,Auto,345801.31,14.56,2019-01-14,2024-05-30,Defaulted
73,91,Business,834699.53,9.21,2019-01-15,2026-02-25,Defaulted
74,494,Home,570089.53,15.16,2020-01-03,2025-04-10,Defaulted
75,204,Personal,706262.03,5.45,2019-07-02,2024-04-20,Active
76,496,Auto,943357.81,13.24,2022-12-18,2024-05-05,Closed
77,164,Personal,1029512.72,12.97,2022-08-27,2024-09-13,Closed
78,150,Home,864733.23,14.19,2022-04-30,2025-05-16,Closed
79,377,Personal,375245.71,15.14,2020-08-04,2025-05-24,Active
80,356,Auto,988323.19,11.61,2021-05-02,2024-08-24,Closed
81,325,Education,613885.66,11.59,2022-11-21,2025-10-05,Closed
82,252,Business,790837.34,4.65,2023-07-12,2026-08-23,Active
83,496,Home,1205408.79,10.29,2023-06-11,2024-05-17,Active
84,295,Auto,1059386.32,7.83,2023-05-02,2024-01-31,Defaulted
85,401,Auto,1054757.31,10.78,2021-09-01,2024-04-11,Closed
86,125,Personal,118120.83,7.92,2022-11-18,2026-01-25,Active
87,167,Home,603294.81,12.37,2019-09-17,2024-02-24,Defaulted
88,193,Education,654021.04,5.84,2020-02-27,2026-04-30,Closed
89,144,Education,1192761.72,12.08,2019-10-21,2024-03-10,Closed
90,419,Business,1043465.71,15.97,2022-08-03,2025-05-25,Defaulted
91,403,Business,1450458.16,15.65,2020-07-08,2025-11-25,Active
92,202,Personal,128013.18,13.03,2021-12-07,2024-01-28,Defaulted
93,187,Home,1128321.45,10.9,2021-07-11,2026-09-22,Active
94,59,Education,344476.47,5.08,2021-04-23,2024-07-02,Active
95,478,Home,1309832.44,9.18,2020-05-04,2025-01-26,Defaulted
96,289,Personal,1297644.87,13.44,2019-12-24,2025-09-11,Active
97,103,Home,692442.59,5.78,2022-06-04,2025-11-26,Defaulted
98,304,Home,377045.32,8.03,2022-11-17,2024-11-30,Closed
99,280,Home,968993.32,9.71,2019-03-19,2024-06-05,Closed
100,93,Personal,1078840.91,12.94,2022-05-06,2024-11-06,Active
101,350,Personal,583224.63,10.58,2020-01-04,2025-09-28,Closed
102,394,Personal,903158.74,7.15,2023-01-08,2025-09-30,Defaulted
103,282,Education,1120752.55,8.78,2021-10-20,2024-04-08,Defaulted
104,14,Auto,334880.17,9.21,2022-06-07,2026-02-17,Defaulted
105,488,Home,1101126.06,12.37,2019-06-30,2024-03-19,Closed
106,373,Business,330571.68,13.14,2022-07-08,2025-11-07,Closed
107,237,Business,700781.64,9.77,2023-08-20,2026-02-08,Closed
108,483,Auto,1476007.32,6.38,2023-05-22,2025-06-16,Defaulted
109,363,Home,157980.04,8.74,2020-09-08,2026-02-24,Active
110,108,Home,1445589.11,10.86,2020-12-13,2025-05-19,Defaulted
111,225,Home,1115865.25,10.73,2021-05-07,2026-03-22,Active
112,409,Personal,223063.03,15.96,2019-01-10,2025-04-22,Active
113,150,Education,108919.64,10.29,2022-02-16,2024-07-25,Defaulted
114,426,Personal,454712.76,6.91,2020-04-27,2024-10-27,Defaulted
115,355,Home,433147.41,7.2,2020-01-29,2025-11-08,Closed
116,36,Auto,283346.83,9.16,2019-08-29,2025-05-24,Active
117,420,Home,1276720.58,12.22,2021-12-21,2025-05-17,Active
118,435,Home,58185.45,10.91,2019-07-15,2025-05-31,Closed
119,408,Education,726180.44,5.35,2022-06-21,2024-09-24,Active
120,408,Home,1409366.95,8.96,2021-01-11,2025-07-09,Active
121,210,Personal,107913.85,8.38,2023-11-02,2024-12-17,Closed
122,345,Business,1396510.95,6.29,2023-04-08,2026-04-08,Defaulted
123,256,Education,915476.48,8.13,2022-01-10,2026-05-30,Closed
124,72,Education,1171808.38,11.86,2021-11-05,2025-07-07,Closed
125,325,Education,956781.66,13.24,2020-03-25,2025-07-13,Defaulted
126,156,Home,1272552.97,6.03,2021-08-08,2024-01-19,Defaulted
127,124,Education,486674.49,8.2,2023-04-27,2026-09-02,Closed
128,130,Education,1195366.86,13.86,2022-07-06,2026-02-21,Defaulted
129,338,Personal,847732.26,13.63,2022-09-12,2024-02-02,Closed
130,79,Auto,155677.15,11.48,2020-03-02,2025-03-16,Defaulted
131,367,Personal,1076138.26,9.29,2020-07-20,2026-06-20,Closed
132,217,Personal,811822.85,15.09,2019-04-19,2026-07-25,Closed
133,405,Auto,1437632.19,6.8,2020-02-01,2024-05-01,Active
134,194,Auto,804879.12,12.22,2019-08-19,2025-01-27,Active
135,38,Education,1190074.45,5.87,2023-06-20,2025-04-05,Active
136,230,Personal,281087.21,12.74,2019-11-02,2024-11-18,Active
137,307,Home,837466.22,5.03,2022-11-04,2026-05-23,Defaulted
138,246,Business,634954.75,12.87,2023-09-25,2025-01-20,Defaulted
139,299,Business,556634.28,6.92,2021-08-29,2025-03-29,Closed
140,206,Business,1330925.27,11.45,2021-10-15,2025-04-15,Defaulted
141,274,Personal,1011834.99,5.77,2019-12-28,2024-02-06,Active
142,260,Auto,530046.48,13.99,2019-11-24,2024-02-03,Closed
143,473,Education,475682.82,7.45,2022-10-04,2024-06-30,Defaulted
144,472,Education,1427947.0,8.12,2019-03-30,2025-07-24,Active
145,446,Business,946506.87,13.65,2019-04-21,2025-11-06,Active
146,355,Education,738542.92,7.66,2022-08-13,2026-05-31,Closed
147,215,Home,863935.29,9.65,2021-01-15,2026-03-09,Active
148,279,Home,1140593.95,7.98,2020-08-06,2024-11-06,Active
149,19,Auto,991485.16,12.88,2020-03-05,2026-06-24,Active
150,405,Education,216346.83,6.54,2021-06-09,2025-12-24,Defaulted
151,496,Personal,551710.57,10.56,2020-05-29,2024-06-17,Closed
152,185,Education,398504.42,13.0,2020-11-15,2025-05-18,Closed
153,360,Personal,981283.32,10.59,2022-06-17,2025-03-17,Defaulted
154,459,Business,1381980.58,11.48,2023-07-07,2024-05-17,Closed
155,416,Personal,403549.39,15.91,2023-04-03,2024-11-15,Defaulted
156,275,Business,107822.01,12.34,2021-07-17,2026-01-02,Defaulted
157,305,Home,1334207.23,12.02,2019-03-30,2025-02-02,Defaulted
158,327,Education,602990.28,8.52,2019-08-02,2025-05-14,Defaulted
159,469,Auto,1204499.55,14.87,2023-02-25,2026-02-21,Closed
160,44,Education,214392.34,10.32,2019-04-18,2024-04-22,Closed
161,56,Business,422056.31,7.07,2022-01-05,2025-08-05,Defaulted
162,394,Education,1099764.63,4.72,2019-12-27,2025-11-22,Defaulted
163,128,Auto,85823.31,6.41,2019-11-20,2025-05-17,Closed
164,337,Business,799458.34,12.36,2023-05-28,2025-11-06,Defaulted
165,341,Business,1167216.77,7.26,2019-03-01,2025-07-21,Defaulted
166,182,Auto,795748.14,9.58,2021-09-20,2025-12-02,Defaulted
167,86,Education,787666.61,15.34,2021-11-20,2025-07-06,Defaulted
168,332,Auto,755866.83,4.8,2019-08-26,2025-08-08,Closed
169,314,Personal,479829.26,11.92,2019-05-26,2025-04-26,Closed
170,23,Home,994715.88,11.96,2020-04-26,2025-05-02,Active
171,289,Auto,514453.5,14.95,2023-01-17,2025-07-29,Active
172,331,Business,169400.9,8.32,2021-06-29,2026-05-24,Active
173,347,Personal,189136.83,5.29,2022-04-28,2024-06-09,Active
174,332,Home,1458861.72,7.51,2022-04-02,2025-06-02,Active
175,205,Auto,1171311.85,14.6,2020-10-29,2024-02-27,Active
176,496,Home,823148.44,8.64,2021-05-08,2025-02-04,Active
177,386,Education,959052.96,15.76,2020-02-12,2024-09-26,Defaulted
178,170,Business,355633.14,10.1,2023-03-11,2025-05-21,Active
179,495,Auto,962796.0,12.52,2022-10-18,2025-08-28,Active
180,408,Business,359103.94,14.85,2020-10-29,2026-09-21,Active
181,221,Personal,1043837.52,9.82,2020-04-16,2025-01-21,Closed
182,55,Personal,1261714.36,11.17,2023-05-15,2025-09-23,Defaulted
183,6,Home,348090.37,5.06,2019-08-14,2025-11-23,Active
184,51,Personal,1251685.57,6.39,2020-10-29,2024-12-27,Defaulted
185,133,Personal,1324023.99,15.6,2020-04-11,2026-02-23,Active
186,114,Auto,1124993.8,10.73,2019-07-20,2024-10-18,Closed
187,262,Business,681094.76,12.55,2020-04-30,2024-11-24,Defaulted
188,383,Home,1234293.8,4.48,2023-02-19,2024-03-03,Defaulted
189,266,Personal,154574.72,15.07,2021-04-24,2024-01-29,Active
190,286,Business,1044763.13,7.66,2023-11-17,2025-08-27,Active
191,298,Education,84441.77,9.88,2020-02-14,2024-02-16,Closed
192,353,Auto,1089459.01,12.93,2021-02-08,2024-05-11,Closed
193,295,Personal,104935.16,4.22,2020-03-27,2026-05-07,Active
194,114,Personal,156209.64,12.21,2019-05-31,2025-01-10,Closed
195,229,Personal,308088.64,8.26,2021-08-22,2024-12-23,Closed
196,192,Business,415266.6,7.63,2022-04-13,2026-04-08,Active
197,201,Auto,152141.03,15.95,2021-09-19,2026-01-29,Active
198,238,Auto,1241348.01,15.74,2019-04-22,2025-08-20,Active
199,396,Business,1370930.53,7.31,2021-06-11,2024-01-28,Active
200,348,Home,641067.53,4.74,2019-10-24,2026-02-22,Defaulted
201,302,Auto,704132.21,7.09,2020-03-18,2026-07-01,Defaulted
202,354,Business,636449.63,8.65,2022-06-02,2025-10-02,Closed
203,257,Business,508786.16,16.0,2021-07-20,2024-12-15,Closed
204,78,Personal,614777.71,15.88,2019-12-31,2025-01-24,Closed
205,177,Business,221543.35,15.33,2021-03-04,2024-04-09,Active
206,13,Personal,58553.44,15.39,2021-02-03,2025-03-14,Closed
207,248,Education,1094414.24,6.71,2019-10-07,2024-12-19,Defaulted
208,54,Business,141694.51,8.1,2021-07-26,2024-12-31,Active
209,152,Auto,1131629.0,8.71,2023-01-14,2025-02-25,Active
210,213,Personal,115999.44,5.65,2020-02-02,2024-12-25,Closed
211,472,Education,1279964.3,12.76,2022-07-18,2024-02-27,Defaulted
212,493,Home,568665.2,10.25,2021-01-04,2025-11-08,Closed
213,44,Home,779113.58,12.14,2020-07-06,2024-09-07,Active
214,60,Home,470263.07,14.47,2020-02-19,2024-09-10,Closed
215,426,Personal,1044524.06,12.24,2020-11-18,2024-08-28,Active
216,482,Business,929520.47,9.01,2019-09-18,2025-10-25,Active
217,374,Personal,458200.29,10.87,2019-03-07,2024-11-15,Defaulted
218,73,Home,1393701.78,9.12,2022-11-18,2025-08-29,Defaulted
219,179,Business,603049.68,7.75,2022-03-10,2024-03-27,Closed
220,160,Education,1242077.44,11.26,2019-05-03,2026-07-21,Closed
221,176,Home,94687.77,9.39,2020-07-28,2025-12-05,Closed
222,234,Auto,276669.04,5.58,2019-10-07,2024-03-08,Defaulted
223,402,Business,368805.3,11.83,2019-08-16,2026-06-08,Defaulted
224,106,Personal,1132793.17,10.97,2023-10-11,2024-11-08,Defaulted
225,267,Personal,1205317.13,12.21,2021-08-11,2024-04-27,Defaulted
226,248,Auto,1281727.79,6.43,2021-07-28,2024-12-11,Defaulted
227,179,Personal,477718.78,5.66,2021-05-06,2024-06-22,Closed
228,244,Auto,969366.22,12.26,2019-12-17,2024-01-21,Active
229,50,Home,482181.93,14.78,2023-04-07,2025-07-05,Closed
230,225,Home,1336118.27,14.91,2020-12-04,2024-11-29,Closed
231,370,Personal,1449779.82,9.16,2020-03-26,2024-02-08,Closed
232,357,Business,1307351.51,14.91,2020-08-27,2025-04-16,Defaulted
233,232,Personal,989513.88,13.24,2022-05-21,2025-11-04,Defaulted
234,164,Home,1438217.89,11.87,2019-11-18,2026-06-03,Defaulted
235,35,Business,66167.8,10.78,2023-06-05,2025-03-08,Defaulted
236,154,Auto,1318412.05,5.9,2023-06-16,2025-08-04,Defaulted
237,23,Home,254992.11,4.81,2022-07-30,2025-06-11,Closed
238,415,Auto,110571.05,10.4,2022-06-06,2026-07-12,Active
239,364,Education,880441.96,12.63,2019-12-15,2025-03-07,Defaulted
240,59,Business,621418.47,6.21,2022-03-29,2024-09-30,Active
241,12,Home,843911.9,14.07,2022-02-06,2024-01-21,Defaulted
242,435,Auto,173433.94,5.75,2023-10-18,2025-12-13,Active
243,176,Auto,354576.69,4.35,2020-04-15,2025-04-25,Closed
244,332,Auto,1125074.2,7.82,2019-06-27,2025-08-25,Defaulted
245,56,Personal,1102609.15,15.67,2021-04-23,2024-01-23,Closed
246,347,Personal,357018.57,15.53,2023-10-22,2024-11-20,Defaulted
247,410,Education,1363160.64,7.64,2021-12-04,2025-01-21,Active
248,85,Education,1284615.33,12.95,2021-09-28,2025-08-07,Closed
249,477,Auto,256559.92,13.86,2023-11-01,2025-02-03,Defaulted
250,380,Personal,316789.45,11.64,2020-03-19,2024-11-26,Closed
251,125,Business,944483.14,12.86,2022-04-26,2025-08-09,Closed
252,265,Business,416475.58,5.82,2021-08-27,2024-04-10,Active
253,90,Auto,216202.69,6.26,2023-09-11,2026-04-07,Closed
254,283,Personal,1022917.97,5.58,2021-08-05,2025-05-15,Defaulted
255,82,Business,872574.33,4.31,2020-07-25,2024-04-12,Defaulted
256,170,Personal,128863.04,15.83,2019-01-30,2025-12-08,Closed
257,287,Education,1139010.63,11.4,2023-02-04,2025-11-22,Closed
258,219,Auto,1485610.81,11.27,2021-05-26,2024-07-29,Defaulted
259,491,Auto,845834.11,11.35,2023-02-16,2024-12-10,Closed
260,237,Personal,984778.05,11.16,2023-11-23,2025-05-23,Active
261,119,Personal,156059.63,6.77,2020-05-20,2025-05-29,Active
262,409,Home,1023943.61,4.31,2020-05-22,2026-04-10,Closed
263,208,Business,413497.04,4.95,2020-11-01,2026-02-22,Defaulted
264,323,Education,336255.51,13.36,2021-06-08,2025-11-14,Active
265,95,Business,891863.7,5.61,2022-04-01,2024-12-13,Closed
266,96,Home,1429732.86,14.15,2020-03-31,2024-06-19,Closed
267,328,Personal,567850.62,9.63,2022-04-26,2025-09-21,Closed
268,337,Business,1023378.57,11.79,2019-11-02,2024-11-02,Active
269,222,Auto,390072.63,6.21,2022-03-20,2025-01-07,Defaulted
270,203,Business,463448.86,8.65,2019-01-11,2026-09-19,Active
271,15,Personal,151222.88,9.69,2021-05-05,2025-03-22,Defaulted
272,378,Business,330572.93,5.97,2019-04-01,2024-07-25,Defaulted
273,315,Home,754498.78,6.72,2019-03-24,2025-05-23,Closed
274,453,Education,526101.81,8.9,2021-08-21,2025-10-12,Defaulted
275,102,Personal,1006162.26,15.63,2023-02-11,2026-05-17,Defaulted
276,231,Auto,1055514.29,15.11,2023-04-24,2026-09-24,Defaulted
277,304,Home,270972.69,15.4,2021-10-29,2026-03-17,Closed
278,220,Personal,871949.74,6.67,2019-03-10,2024-03-18,Active
279,200,Auto,1221164.66,12.06,2021-05-21,2026-05-10,Closed
280,3,Auto,1440055.44,6.43,2021-12-23,2026-05-20,Defaulted
281,361,Personal,294527.29,6.45,2021-03-18,2025-07-02,Defaulted
282,110,Home,504161.43,6.12,2021-09-08,2024-08-07,Closed
283,106,Auto,1189207.16,15.46,2023-07-17,2024-10-21,Closed
284,143,Education,1082688.73,9.27,2023-06-23,2024-09-28,Defaulted
285,386,Home,979215.89,11.4,2022-11-27,2024-02-18,Defaulted
286,361,Auto,451185.76,12.25,2023-08-10,2024-10-31,Defaulted
287,415,Personal,571254.7,14.4,2019-07-20,2025-08-10,Closed
288,408,Personal,1035391.26,14.65,2021-07-15,2025-02-15,Closed
289,33,Home,530766.28,9.13,2021-10-11,2026-04-03,Active
290,296,Auto,745933.26,13.31,2020-05-07,2024-08-19,Defaulted
291,53,Auto,695769.06,11.3,2019-06-20,2025-10-01,Active
292,410,Home,1173412.09,13.89,2022-02-17,2026-01-30,Closed
293,447,Home,756108.5,12.64,2023-03-23,2026-09-07,Defaulted
294,275,Home,207807.32,8.73,2019-01-26,2024-04-04,Defaulted
295,96,Education,986049.83,15.27,2022-11-20,2026-01-04,Active
296,188,Education,168861.85,10.86,2023-02-07,2026-05-14,Defaulted
297,167,Education,456893.11,10.43,2021-04-12,2025-08-15,Closed
298,101,Personal,1248343.33,11.7,2020-03-22,2024-04-07,Active
299,235,Education,1342380.71,12.45,2019-09-29,2025-08-29,Active
300,59,Education,334826.3,4.46,2021-01-04,2024-12-10,Active
301,135,Education,1113639.69,5.31,2020-08-28,2024-10-06,Active
302,344,Auto,958597.38,9.48,2020-05-04,2024-03-09,Defaulted
303,442,Business,1104766.78,14.53,2022-08-19,2025-08-03,Closed
304,251,Education,1343552.52,14.53,2019-07-05,2026-03-31,Active
305,271,Home,1281901.55,6.95,2019-02-02,2025-06-27,Closed
306,495,Education,965858.42,10.45,2021-09-09,2025-05-01,Closed
307,328,Business,1228331.48,15.81,2022-10-02,2025-03-13,Closed
308,161,Personal,889406.14,4.47,2020-09-16,2024-08-02,Active
309,306,Personal,1165340.37,8.65,2019-11-28,2024-12-21,Active
310,199,Education,358502.99,13.18,2022-12-11,2026-03-25,Defaulted
311,313,Home,103151.65,15.55,2021-07-29,2024-03-19,Active
312,201,Home,427893.67,6.28,2023-10-24,2025-10-29,Active
313,301,Auto,1346279.61,9.27,2022-03-14,2026-04-23,Closed
314,59,Home,832531.82,14.61,2023-03-11,2024-11-05,Closed
315,179,Auto,998166.8,13.28,2022-04-10,2025-05-31,Closed
316,181,Auto,265517.83,7.43,2019-02-19,2026-04-03,Defaulted
317,433,Home,619122.6,6.0,2021-07-20,2024-11-03,Active
318,235,Home,1342584.44,7.53,2021-08-07,2025-03-19,Active
319,317,Auto,904921.09,15.03,2023-04-30,2025-11-10,Defaulted
320,89,Personal,1292888.02,12.28,2019-10-11,2025-07-06,Active
321,417,Education,244127.83,14.84,2023-11-26,2024-11-16,Active
322,345,Personal,776628.6,9.56,2022-12-11,2024-07-23,Closed
323,362,Home,181303.34,11.75,2021-04-10,2025-02-28,Closed
324,410,Business,577605.06,5.09,2020-01-14,2025-02-15,Active
325,153,Home,65357.94,10.01,2023-06-06,2024-09-14,Defaulted
326,471,Auto,396377.17,6.16,2023-11-20,2025-10-01,Active
327,315,Business,1447800.39,11.03,2021-01-28,2025-06-11,Active
328,303,Business,1473687.14,14.73,2022-07-07,2025-04-09,Defaulted
329,44,Education,1042034.4,10.56,2021-08-08,2025-11-18,Active
330,345,Home,1147948.8,8.72,2022-12-12,2026-02-20,Closed
331,69,Education,253537.5,7.88,2022-07-21,2025-07-14,Closed
332,161,Personal,280872.51,4.3,2019-01-03,2024-07-03,Closed
333,61,Business,871218.02,9.44,2023-10-29,2026-06-21,Closed
334,123,Education,870428.17,14.76,2022-07-08,2024-01-20,Active
335,157,Personal,1314682.97,14.75,2019-05-25,2025-10-04,Defaulted
336,60,Home,261988.63,14.59,2021-02-27,2025-12-21,Closed
337,94,Home,1111406.49,5.08,2022-11-15,2025-06-12,Active
338,192,Auto,1411804.12,7.89,2020-11-12,2026-06-02,Defaulted
339,356,Personal,108608.75,11.78,2021-12-23,2024-07-10,Defaulted
340,73,Personal,1154134.95,12.54,2019-03-08,2025-08-13,Defaulted
341,262,Education,386037.37,5.97,2020-08-30,2025-05-26,Defaulted
342,199,Business,433317.82,12.8,2021-05-22,2024-08-06,Active
343,215,Business,389327.07,5.09,2023-03-22,2025-11-07,Defaulted
344,306,Auto,1019449.12,12.47,2020-07-06,2026-09-12,Active
345,71,Auto,800933.58,11.61,2022-11-30,2026-04-23,Closed
346,295,Auto,1197617.66,5.02,2022-06-08,2026-01-30,Closed
347,197,Personal,612735.01,12.49,2022-01-15,2026-08-18,Active
348,217,Home,1380957.82,12.72,2022-03-24,2025-04-23,Active
349,96,Home,1328250.37,15.7,2023-06-16,2024-10-01,Defaulted
350,250,Education,107861.81,11.34,2020-02-29,2026-08-17,Defaulted
351,326,Business,990360.89,5.92,2023-06-02,2025-10-15,Active
352,276,Business,199676.27,10.6,2022-11-03,2025-06-29,Defaulted
353,356,Education,1454240.03,4.53,2019-06-15,2026-04-08,Active
354,471,Personal,968672.12,6.05,2022-06-24,2025-09-21,Defaulted
355,331,Home,446568.21,8.02,2020-11-18,2026-05-23,Active
356,477,Auto,1125769.08,14.46,2023-02-15,2026-02-26,Active
357,89,Home,889015.58,14.35,2019-04-23,2026-07-17,Defaulted
358,285,Education,876732.22,5.95,2021-11-20,2025-03-20,Active
359,86,Home,596156.38,5.74,2022-10-13,2026-08-15,Active
360,251,Auto,598851.85,13.23,2021-01-15,2025-08-02,Closed
361,148,Business,902134.3,4.62,2019-04-16,2026-01-14,Active
362,72,Education,1352428.6,7.7,2019-08-16,2025-10-03,Defaulted
363,96,Personal,162864.33,12.76,2021-02-23,2024-03-02,Closed
364,162,Home,414800.29,15.53,2021-01-18,2025-06-18,Defaulted
365,432,Home,1460377.46,7.47,2021-08-11,2024-07-24,Closed
366,231,Personal,373203.92,6.17,2022-06-21,2025-01-08,Defaulted
367,318,Personal,638471.19,14.78,2019-03-25,2025-04-18,Closed
368,28,Auto,1234993.31,15.53,2021-01-18,2024-05-31,Defaulted
369,444,Home,550296.87,4.04,2021-01-20,2024-09-03,Active
370,184,Education,1199353.31,13.18,2019-12-25,2024-06-03,Active
371,488,Home,1336399.32,4.15,2022-08-20,2026-02-03,Defaulted
372,5,Auto,59566.65,9.97,2022-02-18,2025-12-02,Closed
373,249,Education,1328949.65,9.98,2022-12-14,2026-02-22,Closed
374,70,Education,687853.12,13.69,2019-05-18,2024-11-03,Active
375,100,Education,383486.61,11.3,2022-02-22,2026-05-14,Active
376,418,Auto,796084.85,9.92,2022-12-23,2025-03-21,Active
377,197,Home,457173.79,6.6,2023-05-04,2025-02-24,Closed
378,494,Business,267848.59,11.91,2020-02-24,2024-11-22,Closed
379,288,Education,278168.16,9.44,2019-10-11,2026-05-30,Active
380,259,Personal,922929.4,9.3,2020-11-16,2026-04-30,Active
381,335,Auto,1234584.86,11.21,2020-05-03,2026-07-22,Closed
382,254,Education,1008608.98,4.08,2022-01-10,2024-03-06,Closed
383,210,Auto,651189.84,14.59,2019-08-21,2025-10-11,Closed
384,351,Personal,528825.91,7.34,2022-08-22,2024-07-27,Defaulted
385,252,Education,214341.11,11.54,2021-09-06,2026-05-16,Active
386,213,Home,1029082.67,13.84,2023-02-19,2025-02-26,Active
387,364,Auto,744580.69,6.49,2023-03-21,2024-09-30,Closed
388,431,Education,906646.8,6.22,2022-04-03,2026-04-23,Closed
389,228,Education,988525.89,4.66,2023-11-20,2024-10-20,Defaulted
390,251,Auto,645803.85,8.19,2022-12-10,2025-10-23,Closed
391,86,Personal,403321.95,5.74,2020-03-05,2024-06-13,Closed
392,43,Auto,235433.42,4.39,2023-03-23,2024-09-19,Defaulted
393,290,Business,908904.11,10.94,2023-03-06,2025-12-04,Defaulted
394,16,Home,245349.87,11.24,2023-04-08,2025-09-07,Active
395,408,Personal,793332.08,7.97,2020-04-06,2024-08-29,Active
396,390,Home,1341656.62,5.05,2020-10-18,2025-02-19,Defaulted
397,113,Home,262954.4,5.31,2020-12-23,2024-09-01,Closed
398,150,Auto,291194.98,15.92,2020-07-01,2024-04-26,Active
399,17,Business,1387547.96,5.94,2021-10-28,2024-06-02,Active
400,141,Education,799129.0,7.41,2022-10-25,2024-07-15,Closed
401,116,Business,637911.66,11.93,2021-05-16,2024-01-29,Closed
402,276,Personal,1455403.35,12.4,2020-07-21,2024-09-08,Closed
403,148,Business,974552.92,10.87,2019-04-22,2026-03-27,Closed
404,87,Home,1323838.03,10.75,2019-05-10,2026-04-27,Defaulted
405,400,Education,1105562.76,15.6,2021-02-02,2024-11-13,Defaulted
406,235,Business,1240889.8,12.99,2020-12-08,2025-04-20,Closed
407,290,Education,1423518.11,8.32,2021-07-15,2025-05-12,Active
408,381,Business,364060.46,4.43,2021-09-22,2025-07-27,Closed
409,396,Education,929462.55,13.22,2021-10-23,2025-03-22,Active
410,393,Business,733549.51,7.87,2021-12-14,2025-03-08,Active
411,254,Personal,748419.18,14.77,2023-08-26,2025-10-24,Defaulted
412,282,Education,368077.53,13.84,2019-09-09,2026-07-16,Defaulted
413,262,Auto,645611.94,13.1,2021-08-20,2024-02-07,Active
414,58,Home,256932.6,14.12,2022-12-24,2024-07-25,Active
415,294,Education,894836.9,4.78,2021-12-25,2024-06-12,Closed
416,59,Home,1162860.66,9.65,2022-10-21,2024-10-06,Closed
417,138,Business,953657.02,5.46,2023-08-18,2024-05-19,Closed
418,397,Business,790667.12,14.31,2021-12-27,2024-01-30,Active
419,279,Business,293196.47,7.95,2020-08-21,2024-09-21,Closed
420,422,Business,1044107.19,8.97,2021-07-14,2026-03-19,Active
421,188,Business,1387410.32,6.52,2022-06-25,2026-04-02,Closed
422,278,Personal,914973.38,6.51,2021-01-23,2024-10-11,Active
423,422,Home,149822.2,4.7,2023-06-27,2025-11-05,Defaulted
424,388,Education,598406.46,10.86,2022-10-10,2025-07-17,Defaulted
425,22,Personal,241709.14,15.75,2022-11-20,2024-06-29,Active
426,390,Personal,74015.81,10.35,2023-07-15,2025-10-21,Defaulted
427,369,Personal,807931.45,5.05,2019-05-15,2026-05-22,Active
428,226,Personal,1368541.87,12.69,2020-01-21,2024-02-13,Defaulted
429,280,Personal,1042333.36,11.26,2021-07-26,2026-09-13,Defaulted
430,112,Home,1248445.57,13.46,2019-06-28,2026-01-09,Defaulted
431,218,Education,927990.98,12.48,2019-06-14,2025-05-12,Defaulted
432,53,Home,307262.17,9.12,2021-03-11,2026-03-12,Closed
433,377,Education,1357331.92,14.17,2020-01-02,2024-01-21,Closed
434,425,Personal,919730.01,7.12,2020-08-13,2024-02-26,Closed
435,335,Personal,1322741.32,10.9,2019-06-07,2026-05-30,Defaulted
436,385,Business,820573.43,11.48,2019-08-12,2026-07-07,Defaulted
437,127,Auto,1140955.57,15.13,2019-12-04,2024-03-26,Defaulted
438,153,Auto,185125.45,11.37,2020-07-19,2024-11-17,Closed
439,448,Home,1006119.29,9.96,2019-08-18,2025-09-08,Defaulted
440,17,Home,1357877.9,12.75,2022-11-28,2024-11-01,Defaulted
441,231,Education,831964.68,9.97,2019-10-31,2026-06-06,Closed
442,135,Business,51740.3,13.7,2021-10-13,2024-03-06,Closed
443,179,Education,1409715.52,14.6,2019-11-05,2026-07-11,Active
444,442,Business,1033911.07,6.79,2023-11-27,2026-09-05,Closed
445,419,Auto,675670.4,7.49,2020-02-23,2025-02-20,Defaulted
446,45,Auto,659991.83,6.32,2021-12-02,2026-07-07,Defaulted
447,225,Business,1318495.24,5.42,2022-07-08,2025-01-07,Active
448,444,Education,1061582.07,9.58,2019-02-16,2025-11-18,Defaulted
449,61,Home,671986.58,13.56,2020-08-23,2025-11-04,Closed
450,398,Business,1410711.36,12.85,2021-05-03,2026-06-25,Closed
451,416,Business,749079.0,6.49,2022-10-29,2024-04-02,Defaulted
452,122,Business,1164573.92,11.38,2022-01-13,2025-02-10,Active
453,108,Education,558250.83,8.98,2019-09-28,2026-08-23,Defaulted
454,416,Home,1216700.51,4.55,2021-08-28,2026-05-09,Defaulted
455,378,Education,1366395.37,8.2,2020-12-11,2026-01-11,Defaulted
456,302,Personal,1263926.25,13.67,2021-05-10,2026-05-12,Defaulted
457,353,Personal,885375.18,6.55,2021-06-28,2024-05-23,Closed
458,180,Business,666959.63,11.69,2023-02-19,2024-08-29,Defaulted
459,441,Business,419051.14,12.28,2022-08-13,2024-04-24,Closed
460,364,Business,1160495.39,7.05,2019-02-13,2025-08-07,Defaulted
461,313,Home,1369623.77,4.81,2020-08-20,2026-01-22,Closed
462,324,Home,171535.49,7.6,2020-01-23,2025-05-27,Active
463,220,Business,917523.91,10.6,2019-05-09,2026-08-13,Closed
464,85,Home,838409.98,13.2,2019-02-15,2024-05-03,Active
465,316,Auto,423817.22,5.37,2023-11-21,2025-06-18,Active
466,72,Business,57930.71,8.0,2023-07-01,2025-11-11,Defaulted
467,402,Auto,1128286.24,8.75,2020-04-20,2026-04-28,Closed
468,106,Education,60315.42,10.83,2023-09-06,2025-08-17,Closed
469,417,Auto,807683.91,15.52,2021-11-30,2026-08-30,Defaulted
470,106,Education,803654.68,13.98,2022-08-13,2026-03-04,Defaulted
471,413,Education,593793.33,6.33,2020-11-18,2026-08-11,Defaulted
472,31,Business,347857.11,14.01,2021-04-23,2025-06-21,Active
473,292,Business,1216216.37,15.07,2022-03-31,2024-09-14,Defaulted
474,180,Education,642825.36,9.75,2020-12-03,2025-05-23,Defaulted
475,273,Home,204545.66,9.69,2022-09-04,2026-06-24,Closed
476,144,Personal,667803.8,4.43,2022-08-16,2024-04-02,Active
477,306,Auto,898786.77,5.63,2023-05-31,2024-08-31,Active
478,276,Education,428889.2,5.86,2020-10-30,2025-09-06,Defaulted
479,87,Personal,827352.09,9.53,2021-09-22,2024-05-05,Defaulted
480,166,Business,868771.84,14.38,2022-04-30,2026-03-02,Closed
481,361,Business,937226.98,14.75,2022-09-25,2026-04-06,Defaulted
482,150,Education,1488108.08,9.55,2022-11-28,2024-11-16,Closed
483,149,Home,626308.51,13.77,2021-12-21,2024-12-03,Defaulted
484,294,Education,345355.81,15.13,2023-09-21,2026-05-02,Active
485,137,Auto,850552.18,4.67,2022-01-28,2025-08-21,Active
486,488,Personal,858465.88,10.25,2021-06-30,2026-01-24,Active
487,440,Home,309143.42,10.78,2021-07-26,2025-02-03,Defaulted
488,264,Education,860686.05,12.14,2020-09-14,2026-04-05,Defaulted
489,461,Auto,751452.23,10.66,2022-03-07,2026-02-05,Closed
490,348,Auto,1483336.98,4.22,2019-09-28,2026-01-31,Active
491,418,Home,887594.17,10.93,2023-06-05,2024-08-29,Closed
492,49,Auto,1172582.0,7.98,2020-09-19,2026-08-15,Defaulted
493,70,Auto,627288.14,14.99,2019-12-18,2025-03-09,Closed
494,493,Auto,250199.35,13.55,2023-06-05,2024-08-11,Defaulted
495,385,Auto,1302554.26,4.79,2020-06-16,2024-05-27,Active
496,403,Education,222674.36,5.79,2020-04-09,2024-04-19,Defaulted
497,211,Home,383168.39,14.09,2021-09-18,2024-06-28,Active
498,471,Personal,1185508.43,8.07,2021-01-31,2024-08-07,Closed
499,31,Personal,1426405.51,8.5,2020-08-13,2026-09-20,Closed
500,142,Auto,195404.0,10.41,2023-04-26,2024-10-08,Defaulted
501,444,Education,787098.14,5.99,2023-09-28,2025-03-26,Defaulted
502,336,Auto,1189817.63,11.27,2019-04-07,2025-02-22,Closed
503,65,Auto,1211237.91,6.25,2019-10-31,2024-09-17,Active
504,360,Education,940336.78,5.4,2020-12-24,2026-06-02,Active
505,444,Business,1042618.45,13.39,2020-08-05,2025-08-26,Defaulted
506,68,Home,125476.56,7.7,2021-07-22,2024-02-27,Active
507,128,Personal,614200.34,14.29,2019-12-07,2025-05-17,Closed
508,75,Education,972021.1,12.52,2022-06-20,2025-06-30,Closed
509,365,Personal,1216335.57,7.26,2019-11-26,2025-01-18,Defaulted
510,165,Education,1243720.43,5.04,2022-12-28,2025-12-17,Defaulted
511,425,Education,733919.56,14.52,2022-01-01,2026-08-29,Active
512,127,Business,920355.89,8.46,2020-08-07,2024-04-25,Closed
513,390,Auto,177804.0,13.95,2020-01-09,2024-11-20,Closed
514,432,Home,431483.4,7.63,2019-12-26,2025-07-12,Active
515,347,Business,587710.93,10.3,2023-09-15,2025-03-09,Defaulted
516,202,Personal,933091.85,6.1,2022-12-21,2025-05-01,Defaulted
517,251,Home,1100517.33,8.49,2022-11-19,2025-11-30,Defaulted
518,73,Auto,1399493.24,4.45,2022-09-26,2024-09-09,Defaulted
519,296,Business,630935.04,6.43,2023-06-16,2026-09-13,Defaulted
520,324,Education,1001454.08,5.11,2019-11-11,2024-10-11,Defaulted
521,138,Personal,465380.39,10.07,2019-11-27,2026-06-19,Defaulted
522,322,Business,1447118.24,13.59,2020-05-02,2026-03-14,Defaulted
523,213,Business,133321.4,14.86,2019-08-28,2026-08-17,Active
524,193,Home,1171732.26,5.85,2019-03-26,2024-05-28,Closed
525,232,Personal,304143.14,8.08,2020-10-10,2025-01-06,Closed
526,39,Personal,766834.15,9.8,2022-03-22,2025-05-01,Closed
527,325,Personal,65530.08,14.49,2019-09-17,2026-01-02,Defaulted
528,407,Home,1283323.07,7.72,2021-06-21,2025-01-11,Defaulted
529,451,Personal,1399599.78,7.93,2020-06-17,2026-04-21,Defaulted
530,394,Home,801322.26,13.23,2021-01-27,2024-11-11,Defaulted
531,48,Education,332382.42,5.18,2020-01-13,2024-01-22,Active
532,207,Home,1186741.2,15.79,2020-02-25,2025-10-22,Defaulted
533,264,Auto,790294.38,10.19,2022-02-25,2026-09-17,Closed
534,384,Personal,1062752.11,15.91,2022-12-19,2026-07-15,Defaulted
535,143,Auto,942025.48,6.46,2019-03-13,2025-09-12,Defaulted
536,356,Auto,1027335.35,4.44,2022-09-25,2024-02-05,Active
537,480,Education,571623.0,8.65,2020-10-11,2026-05-11,Active
538,450,Business,999777.72,14.38,2020-12-05,2026-01-27,Closed
539,189,Education,1464686.56,5.39,2019-10-30,2025-11-09,Defaulted
540,233,Home,175922.08,7.73,2021-02-02,2026-03-29,Defaulted
541,487,Home,450108.46,4.53,2021-07-07,2026-08-21,Active
542,250,Personal,629178.85,14.18,2022-01-10,2024-02-25,Closed
543,168,Auto,1021009.97,14.46,2019-11-29,2025-12-08,Closed
544,298,Education,637903.9,8.0,2021-12-28,2026-07-28,Active
545,2,Business,340450.06,14.67,2020-09-09,2026-03-18,Active
546,445,Education,72281.46,5.24,2019-09-06,2025-11-18,Defaulted
547,397,Personal,1070251.79,13.19,2019-02-21,2024-09-02,Closed
548,434,Education,1382807.26,12.95,2021-04-08,2024-09-16,Closed
549,376,Business,846909.35,4.27,2021-10-19,2025-07-19,Active
550,48,Business,1102901.13,13.1,2023-04-23,2025-01-28,Active
551,375,Auto,860715.11,11.67,2019-10-25,2024-11-12,Active
552,498,Auto,895252.0,6.52,2021-07-27,2025-10-16,Closed
553,235,Personal,553838.88,6.41,2020-10-17,2026-09-08,Active
554,326,Auto,1232496.58,7.44,2019-11-16,2025-12-18,Closed
555,341,Home,378128.49,10.39,2019-01-09,2025-01-06,Active
556,358,Auto,1446432.85,13.27,2023-02-21,2026-07-13,Closed
557,184,Home,709400.56,12.05,2022-01-23,2026-04-11,Active
558,436,Education,635736.88,7.27,2021-11-05,2025-12-02,Closed
559,33,Home,56744.6,5.89,2020-11-09,2024-05-04,Defaulted
560,408,Personal,303800.44,5.37,2022-08-18,2025-07-01,Defaulted
561,274,Business,784045.24,15.5,2022-12-15,2026-06-06,Closed
562,204,Personal,860014.53,10.72,2020-08-28,2024-08-30,Defaulted
563,112,Personal,779595.29,5.23,2021-08-28,2026-05-28,Defaulted
564,496,Personal,542950.55,10.51,2020-08-16,2025-03-29,Defaulted
565,220,Personal,219663.05,10.59,2023-03-25,2025-02-01,Closed
566,423,Auto,794265.7,7.25,2022-03-20,2024-01-09,Closed
567,109,Education,423655.41,15.32,2022-09-27,2026-07-20,Defaulted
568,254,Business,829959.91,13.65,2019-10-29,2026-09-10,Closed
569,138,Home,1200414.42,10.89,2023-06-26,2025-02-06,Defaulted
570,166,Home,412705.16,6.06,2022-03-03,2026-08-07,Closed
571,425,Education,692014.53,7.74,2023-02-01,2026-07-28,Closed
572,146,Personal,596766.41,14.71,2021-06-24,2024-09-18,Defaulted
573,173,Personal,751263.35,10.49,2020-11-24,2024-11-04,Closed
574,281,Business,402746.22,4.61,2022-11-12,2024-04-02,Defaulted
575,296,Home,542508.11,4.35,2019-08-19,2026-08-16,Closed
576,67,Personal,1174618.27,14.84,2023-02-07,2026-04-22,Active
577,290,Auto,1038312.28,4.61,2021-09-07,2026-02-13,Active
578,437,Business,1349959.54,8.6,2019-03-24,2024-08-29,Defaulted
579,249,Auto,1299933.75,5.03,2019-10-13,2024-10-31,Active
580,404,Auto,748856.73,8.7,2022-10-20,2024-08-03,Closed
581,176,Education,423838.66,12.46,2022-02-02,2026-05-30,Defaulted
582,458,Education,604876.21,14.7,2019-08-28,2026-06-30,Closed
583,350,Auto,1193551.23,11.55,2020-09-22,2024-06-13,Active
584,391,Education,369554.37,12.28,2019-02-20,2026-07-26,Defaulted
585,25,Auto,1066705.35,9.35,2021-04-02,2025-03-25,Defaulted
586,24,Personal,1210234.02,8.27,2022-06-18,2025-10-08,Defaulted
587,51,Education,648017.66,7.99,2023-09-19,2024-11-20,Active
588,321,Auto,561989.58,6.38,2020-03-27,2026-06-19,Defaulted
589,402,Business,826695.27,13.1,2021-07-02,2026-04-11,Active
590,429,Business,1066186.9,13.71,2021-01-01,2026-02-24,Closed
591,236,Education,431857.05,4.94,2019-07-09,2025-10-21,Closed
592,9,Business,466569.9,15.07,2020-10-30,2025-02-20,Active
593,64,Home,628449.42,13.17,2019-04-23,2026-03-19,Defaulted
594,476,Home,1135742.79,10.81,2022-05-30,2024-02-04,Active
595,440,Business,545889.67,5.11,2022-08-06,2024-10-07,Defaulted
596,81,Auto,854099.68,13.63,2020-02-04,2026-06-06,Closed
597,226,Business,308804.33,12.38,2022-04-09,2024-03-23,Active
598,234,Business,505115.53,5.17,2021-12-14,2026-04-22,Defaulted
599,1,Business,366920.89,7.72,2020-03-30,2026-03-09,Closed
600,491,Auto,881883.3,11.73,2023-05-20,2026-08-21,Active
601,220,Auto,315037.46,13.2,2023-04-21,2025-05-18,Active
602,104,Home,1131926.57,9.65,2020-07-23,2025-04-27,Closed
603,353,Education,1398870.13,15.37,2020-02-05,2026-01-24,Defaulted
604,466,Home,325742.87,5.72,2019-02-16,2025-02-26,Closed
605,68,Auto,1118812.76,14.75,2019-06-21,2026-08-06,Active
606,452,Auto,390548.99,7.1,2022-01-07,2026-05-11,Defaulted
607,333,Auto,400981.95,8.36,2023-10-06,2024-12-06,Active
608,155,Auto,434837.79,6.2,2021-07-01,2026-01-04,Active
609,82,Auto,382350.92,15.01,2022-10-18,2025-03-08,Closed
610,448,Auto,1260663.7,7.96,2022-10-07,2026-06-16,Closed
611,478,Personal,1262685.33,14.33,2019-06-28,2026-07-29,Closed
612,449,Personal,566239.69,7.9,2021-11-14,2026-04-19,Closed
613,141,Business,1179460.8,9.85,2021-03-18,2024-04-12,Closed
614,48,Personal,223823.81,4.78,2020-02-03,2026-04-24,Closed
615,336,Home,163806.98,5.35,2021-10-01,2024-06-13,Active
616,185,Business,1435880.54,9.74,2020-10-12,2025-12-16,Active
617,129,Education,764364.05,14.15,2022-05-20,2024-09-24,Active
618,43,Auto,59604.33,7.39,2022-05-24,2025-06-02,Defaulted
619,191,Personal,1292779.54,8.18,2021-11-13,2024-03-08,Closed
620,341,Home,1439089.98,10.9,2019-04-25,2024-12-26,Active
621,463,Education,1279615.36,10.1,2022-09-27,2025-03-06,Closed
622,333,Auto,588234.98,8.87,2021-01-09,2025-09-08,Closed
623,85,Auto,507354.51,12.57,2021-03-25,2026-01-16,Active
624,27,Education,1352275.74,5.28,2019-10-30,2026-04-12,Active
625,203,Education,1327431.51,10.67,2023-01-06,2025-07-14,Defaulted
626,321,Education,883053.1,4.85,2023-10-15,2026-01-25,Closed
627,157,Home,448362.9,7.63,2021-05-25,2024-11-30,Active
628,372,Business,315164.2,9.53,2021-01-27,2025-04-09,Active
629,359,Business,1158180.37,11.09,2021-03-01,2025-12-12,Defaulted
630,387,Personal,791143.77,6.86,2021-02-02,2024-01-29,Closed
631,120,Auto,626925.27,6.92,2019-01-25,2026-02-19,Active
632,220,Personal,1137745.61,5.91,2020-08-05,2024-02-23,Active
633,336,Business,235956.63,9.79,2020-12-07,2025-10-18,Closed
634,47,Education,812316.39,4.79,2020-12-20,2025-10-18,Closed
635,361,Auto,663605.01,6.5,2020-09-22,2024-07-07,Defaulted
636,49,Business,1412498.91,12.33,2021-07-01,2025-10-07,Closed
637,1,Auto,97215.84,9.17,2023-11-26,2025-03-30,Defaulted
638,110,Personal,553568.99,15.76,2022-02-22,2026-03-21,Closed
639,245,Business,1297580.19,10.81,2019-06-29,2025-10-18,Closed
640,40,Personal,1175060.75,8.11,2020-03-17,2024-05-19,Closed
641,68,Auto,712934.25,12.33,2023-01-30,2024-01-04,Closed
642,304,Home,224533.86,6.08,2021-06-28,2025-02-14,Defaulted
643,116,Education,801397.45,12.04,2023-02-27,2024-07-23,Defaulted
644,266,Personal,507694.33,12.87,2021-05-01,2025-10-05,Active
645,349,Auto,62206.98,12.54,2023-07-04,2024-11-08,Active
646,228,Business,1027449.44,14.04,2021-06-25,2024-11-17,Defaulted
647,5,Personal,600170.61,5.37,2020-08-14,2025-08-12,Defaulted
648,5,Auto,196084.35,11.15,2019-12-02,2024-03-25,Closed
649,357,Home,574323.37,7.9,2023-07-09,2024-04-23,Closed
650,176,Personal,1299670.93,5.17,2023-01-30,2024-06-10,Defaulted
651,419,Auto,321371.04,9.34,2021-05-18,2024-09-12,Closed
652,62,Personal,431131.1,7.7,2023-02-01,2025-06-12,Active
653,441,Auto,440641.93,8.87,2021-04-28,2025-12-31,Defaulted
654,217,Education,1439863.88,11.18,2019-10-13,2026-09-19,Closed
655,356,Auto,547489.87,12.23,2023-09-08,2026-02-25,Active
656,68,Auto,316674.83,11.16,2022-04-17,2026-04-30,Defaulted
657,245,Auto,664717.18,13.84,2022-05-09,2025-10-26,Defaulted
658,37,Business,657684.77,7.93,2019-06-26,2026-02-20,Defaulted
659,118,Auto,1140683.86,11.74,2019-10-22,2024-05-13,Closed
660,197,Education,579363.08,4.74,2020-03-01,2026-05-17,Closed
661,46,Home,630859.27,6.61,2020-09-13,2025-08-31,Active
662,375,Education,703557.04,5.67,2021-08-30,2025-12-03,Closed
663,413,Home,878544.09,10.97,2023-11-12,2025-02-24,Closed
664,53,Business,1469945.06,13.06,2021-12-11,2026-03-22,Defaulted
665,53,Business,1044717.27,13.72,2020-11-17,2026-08-19,Active
666,161,Business,1230576.46,13.08,2019-05-16,2024-11-23,Defaulted
667,189,Home,1095182.42,11.93,2022-04-24,2025-04-07,Closed
668,452,Education,1215926.99,9.44,2023-03-29,2025-05-04,Defaulted
669,154,Personal,855243.07,7.5,2021-02-08,2026-06-13,Closed
670,71,Business,1291647.67,11.39,2019-07-01,2026-01-22,Defaulted
671,196,Home,334291.66,9.37,2019-01-14,2024-05-16,Active
672,397,Education,1210054.31,6.47,2021-04-18,2024-09-23,Active
673,417,Business,1120885.92,14.53,2022-08-01,2024-06-26,Defaulted
674,386,Auto,735831.19,7.6,2020-07-13,2025-12-04,Active
675,448,Education,64126.32,13.53,2021-04-28,2025-08-30,Defaulted
676,69,Home,661204.97,12.15,2019-12-25,2026-04-26,Defaulted
677,329,Personal,244983.94,15.02,2022-02-12,2024-12-01,Defaulted
678,347,Personal,1345242.09,15.24,2021-08-04,2026-03-29,Closed
679,74,Personal,964445.38,12.61,2022-12-25,2024-10-15,Defaulted
680,36,Auto,824274.75,14.98,2022-03-09,2024-07-22,Defaulted
681,272,Education,507804.51,15.88,2023-03-27,2024-03-27,Active
682,289,Business,755599.29,10.99,2019-10-08,2025-02-28,Defaulted
683,5,Education,413912.35,11.34,2020-02-13,2025-01-11,Defaulted
684,313,Personal,1294827.87,10.13,2020-01-16,2024-07-05,Active
685,333,Auto,119178.49,14.17,2023-09-01,2025-02-06,Active
686,85,Personal,193513.46,14.23,2021-02-20,2026-06-16,Defaulted
687,226,Home,286845.73,4.75,2020-08-15,2025-01-21,Defaulted
688,180,Education,362427.62,14.81,2022-02-08,2026-08-25,Defaulted
689,370,Auto,418720.04,15.61,2021-10-01,2026-05-04,Active
690,110,Personal,1266508.98,4.01,2019-03-28,2026-06-24,Defaulted
691,322,Auto,189637.74,10.72,2023-08-13,2025-08-07,Defaulted
692,384,Home,1129660.17,15.74,2023-08-20,2024-08-17,Active
693,78,Home,426665.23,5.32,2020-09-10,2024-01-22,Closed
694,471,Education,572444.54,7.39,2023-09-06,2026-08-28,Defaulted
695,211,Auto,858362.66,4.37,2022-04-13,2024-01-24,Active
696,316,Personal,1224523.03,9.18,2020-09-14,2026-08-03,Active
697,352,Personal,549003.4,11.08,2021-10-08,2025-07-25,Defaulted
698,227,Business,647053.31,11.5,2022-02-19,2025-10-24,Defaulted
699,441,Personal,559081.21,12.54,2023-02-24,2025-09-18,Active
700,112,Education,1035399.48,8.87,2021-08-07,2025-10-03,Active
701,45,Home,928085.25,9.22,2020-04-04,2024-08-22,Closed
702,460,Personal,886437.95,6.53,2019-02-24,2026-07-17,Active
703,52,Business,992304.95,6.08,2023-06-09,2024-04-01,Active
704,72,Education,830735.47,5.67,2019-01-06,2026-09-24,Defaulted
705,386,Education,1470091.04,10.67,2019-11-12,2025-04-18,Defaulted
706,64,Education,462682.66,14.12,2020-06-21,2024-07-22,Closed
707,302,Education,521380.92,8.32,2020-09-06,2024-09-25,Active
708,374,Education,790144.56,9.01,2022-08-04,2025-12-19,Defaulted
709,197,Education,1173379.33,7.46,2023-09-05,2026-05-22,Defaulted
710,180,Home,698048.67,14.47,2022-07-27,2024-06-21,Closed
711,494,Home,163690.91,5.51,2021-08-25,2024-02-20,Closed
712,220,Business,939812.47,4.14,2019-09-12,2025-02-14,Defaulted
713,162,Personal,722440.52,11.78,2022-09-01,2025-09-24,Active
714,406,Auto,1437061.92,5.73,2022-09-25,2025-03-15,Closed
715,72,Home,1308973.59,14.62,2020-08-12,2025-09-06,Active
716,127,Auto,978841.95,11.9,2021-05-04,2024-09-23,Closed
717,142,Business,1396421.67,15.7,2020-01-03,2024-06-01,Closed
718,331,Personal,661633.91,5.63,2021-10-04,2024-04-01,Active
719,44,Home,937849.7,5.65,2022-11-09,2026-09-08,Closed
720,128,Home,636920.44,13.67,2022-08-13,2025-01-11,Active
721,284,Personal,1365255.92,14.32,2020-05-16,2024-06-23,Defaulted
722,308,Personal,164712.29,14.72,2019-02-28,2026-08-27,Closed
723,308,Auto,548256.96,12.34,2019-09-02,2025-08-03,Closed
724,370,Auto,504548.99,15.16,2023-04-16,2024-04-30,Closed
725,312,Personal,996868.99,11.48,2020-07-21,2024-01-15,Active
726,146,Home,1080128.55,9.45,2021-10-06,2026-01-05,Active
727,399,Education,927808.21,9.09,2019-05-17,2025-06-22,Active
728,482,Business,623410.22,13.84,2022-05-11,2025-03-21,Defaulted
729,354,Business,1337153.12,8.62,2023-03-07,2026-03-02,Active
730,14,Auto,1182412.35,6.71,2021-01-10,2026-07-31,Closed
731,435,Personal,1411216.26,9.1,2022-04-05,2026-08-08,Active
732,434,Home,1134448.47,4.09,2021-09-11,2025-04-09,Active
733,338,Home,805356.75,9.98,2022-03-04,2026-04-27,Closed
734,449,Auto,702918.55,12.77,2021-06-12,2025-11-20,Active
735,155,Auto,292611.26,12.55,2023-11-14,2025-05-21,Active
736,106,Education,1288607.17,7.23,2020-06-12,2024-05-01,Closed
737,266,Business,231307.87,15.12,2022-07-10,2024-08-17,Closed
738,311,Business,390209.43,10.92,2022-11-05,2025-12-31,Defaulted
739,261,Business,414888.16,4.4,2021-09-01,2024-07-27,Active
740,97,Auto,1128619.25,4.45,2022-11-22,2024-07-14,Active
741,383,Education,1137122.62,9.8,2023-08-03,2026-08-26,Defaulted
742,201,Personal,355328.66,8.42,2019-09-02,2026-06-01,Closed
743,152,Auto,625716.1,10.96,2021-02-03,2026-04-12,Active
744,331,Education,188552.89,15.54,2021-11-15,2026-03-11,Active
745,28,Auto,1408350.81,4.96,2023-02-10,2024-09-29,Defaulted
746,402,Personal,736119.41,12.76,2022-03-24,2024-10-21,Active
747,460,Personal,128046.89,10.32,2019-02-05,2026-02-03,Closed
748,407,Education,1167853.87,14.31,2023-09-28,2025-05-21,Closed
749,489,Home,809775.05,13.01,2020-06-15,2025-01-26,Active
750,123,Personal,1494219.91,7.35,2019-11-30,2024-05-13,Closed
751,254,Personal,200696.19,10.2,2022-04-06,2025-03-17,Active
752,198,Personal,946248.15,10.28,2019-04-30,2026-05-26,Closed
753,58,Personal,172251.34,11.32,2019-10-27,2024-07-30,Closed
754,124,Home,1400804.89,6.94,2020-10-16,2025-09-06,Closed
755,256,Business,615277.0,11.57,2021-08-02,2024-08-08,Closed
756,327,Business,382566.14,11.96,2023-12-04,2026-04-23,Active
757,305,Personal,1119510.18,12.02,2022-11-20,2024-10-16,Active
758,37,Home,692582.62,12.21,2019-10-05,2026-01-14,Active
759,271,Auto,233296.98,10.47,2021-01-01,2025-11-24,Active
760,456,Home,813776.39,10.96,2019-12-01,2024-07-12,Defaulted
761,7,Education,297381.58,11.36,2019-04-19,2025-03-04,Defaulted
762,185,Auto,100974.72,14.84,2020-07-12,2024-07-03,Active
763,479,Business,567419.8,10.42,2021-01-09,2025-02-22,Closed
764,163,Business,1377144.96,4.13,2021-05-09,2026-03-22,Defaulted
765,68,Home,1303149.66,9.45,2022-07-27,2024-05-29,Defaulted
766,199,Business,727430.54,14.87,2020-12-30,2024-01-30,Closed
767,441,Home,1312802.5,10.89,2019-04-10,2024-10-24,Active
768,430,Home,1405543.48,7.98,2020-08-16,2026-09-26,Closed
769,292,Home,845390.65,8.23,2020-08-20,2024-09-25,Active
770,216,Home,245916.62,15.73,2021-12-20,2024-08-29,Closed
771,188,Home,1425304.89,7.54,2022-08-01,2025-09-24,Closed
772,280,Education,831966.97,6.01,2019-06-07,2025-04-06,Defaulted
773,350,Education,906704.84,12.34,2021-11-18,2026-07-18,Closed
774,89,Education,711987.96,11.17,2020-02-01,2024-09-11,Active
775,391,Home,1135921.82,7.65,2023-04-19,2025-01-13,Closed
776,242,Business,1322075.88,13.42,2022-07-10,2025-08-19,Active
777,489,Auto,680717.19,7.13,2020-01-11,2025-12-01,Closed
778,395,Education,977690.44,11.55,2023-04-16,2025-10-24,Defaulted
779,38,Personal,823986.99,10.94,2019-07-13,2025-04-14,Active
780,9,Personal,1367938.57,10.87,2022-05-11,2024-03-28,Active
781,301,Home,748394.94,11.88,2023-03-22,2024-01-11,Closed
782,35,Auto,379336.24,7.5,2019-12-09,2025-04-25,Defaulted
783,8,Education,179853.33,12.85,2022-01-18,2024-05-16,Defaulted
784,135,Home,496408.87,4.33,2020-10-22,2026-06-11,Defaulted
785,111,Business,647695.52,9.82,2023-11-22,2024-11-27,Active
786,21,Auto,275790.43,5.52,2020-10-09,2026-09-24,Active
787,473,Business,65305.94,4.92,2023-08-21,2025-12-10,Defaulted
788,31,Business,808808.55,13.41,2023-09-27,2025-02-11,Defaulted
789,486,Personal,1149525.5,7.02,2022-11-03,2025-12-04,Active
790,405,Education,247635.66,11.39,2023-06-27,2024-08-05,Closed
791,204,Home,465805.26,7.3,2020-09-08,2025-12-31,Defaulted
792,260,Business,825893.39,7.08,2020-07-09,2025-01-27,Closed
793,147,Business,1047266.45,12.9,2022-11-04,2025-12-26,Closed
794,322,Home,763300.9,11.25,2022-11-30,2025-03-09,Active
795,365,Auto,1145435.42,14.92,2022-11-10,2026-01-23,Defaulted
796,257,Home,484435.25,12.87,2021-01-12,2025-09-03,Defaulted
797,393,Home,1160510.34,11.91,2019-07-16,2024-09-19,Active
798,213,Education,1207048.93,8.44,2021-12-30,2024-03-15,Active
799,217,Personal,915655.44,6.1,2022-04-02,2024-04-07,Closed
800,360,Business,1205312.71,13.39,2020-12-21,2025-07-24,Defaulted
801,206,Personal,844907.68,6.83,2023-08-14,2024-03-01,Active
802,43,Auto,323427.92,6.17,2019-10-22,2024-02-23,Active
803,328,Business,1329135.0,10.33,2019-01-27,2024-12-06,Defaulted
804,275,Personal,683804.23,4.4,2019-10-08,2026-08-11,Closed
805,276,Auto,412349.37,15.81,2021-11-27,2024-08-28,Defaulted
806,316,Education,1086660.08,15.61,2020-07-30,2025-04-27,Closed
807,79,Auto,986686.66,11.15,2021-02-02,2026-07-19,Active
808,143,Personal,1251218.94,13.86,2023-05-14,2024-12-28,Active
809,43,Home,369859.02,14.05,2021-09-20,2025-09-12,Closed
810,159,Business,164854.11,13.03,2021-04-23,2026-08-19,Defaulted
811,41,Education,956718.37,8.96,2020-11-27,2025-11-17,Closed
812,262,Personal,799084.59,8.6,2019-11-30,2026-09-17,Defaulted
813,472,Education,1209940.65,11.93,2019-07-29,2026-04-01,Active
814,105,Auto,939163.52,12.71,2020-03-22,2025-09-04,Active
815,499,Personal,1056190.61,6.01,2019-11-13,2025-12-27,Active
816,414,Home,444204.42,10.93,2021-10-27,2026-02-05,Closed
817,80,Home,990262.71,14.1,2020-03-28,2026-04-09,Closed
818,275,Home,821319.19,4.65,2023-08-31,2024-02-16,Defaulted
819,168,Home,439791.94,7.17,2020-01-21,2024-01-06,Closed
820,201,Business,322600.91,13.83,2023-06-17,2024-09-16,Defaulted
821,301,Education,149272.73,4.63,2022-02-18,2025-05-31,Closed
822,325,Personal,248104.85,9.57,2022-06-10,2025-09-26,Closed
823,391,Home,210016.71,9.71,2022-11-13,2025-01-25,Defaulted
824,428,Business,710247.37,9.72,2023-08-30,2024-11-05,Active
825,333,Home,706512.49,15.38,2021-12-12,2026-09-27,Defaulted
826,349,Home,1065685.27,15.07,2023-09-29,2025-02-08,Defaulted
827,330,Auto,763394.22,6.8,2021-12-25,2025-11-18,Closed
828,34,Personal,514933.4,12.2,2022-12-30,2025-01-14,Active
829,159,Education,270616.49,8.68,2022-02-02,2024-05-15,Active
830,358,Auto,1456088.52,7.15,2022-12-09,2026-09-18,Defaulted
831,224,Auto,82089.78,10.37,2023-03-29,2026-07-02,Defaulted
832,374,Education,1459882.28,9.22,2023-07-02,2025-07-26,Defaulted
833,489,Home,459066.08,7.47,2019-08-22,2024-02-12,Active
834,434,Home,231306.84,13.57,2021-05-04,2025-08-17,Closed
835,123,Personal,685704.12,8.58,2021-08-01,2024-07-02,Active
836,30,Home,61895.93,7.79,2019-06-06,2024-09-23,Closed
837,126,Auto,180785.63,10.36,2019-08-27,2024-06-22,Defaulted
838,45,Auto,71351.03,15.47,2023-08-04,2025-05-30,Active
839,474,Auto,364922.72,5.17,2019-09-26,2025-05-19,Active
840,223,Education,659352.39,10.38,2019-02-05,2026-08-10,Defaulted
841,60,Home,1189301.74,8.25,2021-09-09,2024-12-13,Defaulted
842,233,Home,772673.85,14.13,2020-12-14,2026-06-17,Closed
843,314,Home,588525.77,11.33,2020-09-30,2025-04-24,Closed
844,312,Home,1060555.46,11.82,2022-11-16,2024-05-15,Active
845,29,Personal,96018.83,7.27,2021-01-12,2024-04-01,Defaulted
846,159,Personal,166323.49,7.24,2019-10-12,2024-11-20,Defaulted
847,342,Auto,1138325.89,13.63,2023-08-01,2025-12-28,Closed
848,380,Auto,261827.35,7.06,2021-06-24,2025-06-27,Defaulted
849,337,Education,436430.19,11.01,2022-05-08,2025-03-19,Closed
850,380,Business,619011.57,9.53,2021-12-07,2024-05-25,Defaulted
851,90,Auto,837628.33,12.1,2023-04-13,2024-09-23,Closed
852,62,Home,313325.42,6.9,2020-12-01,2024-04-29,Defaulted
853,7,Auto,1348763.52,12.06,2019-12-19,2024-11-16,Closed
854,363,Auto,412615.23,13.25,2022-12-24,2024-02-15,Closed
855,71,Personal,603287.24,10.24,2020-09-15,2024-05-10,Active
856,360,Home,68292.46,12.13,2019-02-28,2025-05-26,Defaulted
857,6,Education,1463167.83,15.92,2023-03-05,2026-06-11,Closed
858,84,Education,1086289.66,7.76,2023-07-27,2026-09-23,Closed
859,255,Education,607956.95,4.13,2019-08-31,2026-05-04,Active
860,488,Auto,1463709.71,4.1,2020-03-31,2024-10-14,Closed
861,178,Education,408385.18,4.82,2019-09-21,2026-02-04,Defaulted
862,268,Education,1492076.34,8.93,2023-10-21,2025-01-04,Closed
863,265,Education,338810.82,10.3,2022-11-22,2026-08-06,Active
864,401,Personal,1116218.03,12.23,2019-10-19,2025-03-16,Defaulted
865,422,Home,186242.44,8.22,2022-11-10,2024-10-16,Active
866,370,Personal,1015711.43,12.7,2020-04-09,2026-07-13,Defaulted
867,133,Home,352248.34,7.02,2020-09-21,2026-06-16,Active
868,86,Personal,614228.29,4.41,2019-09-14,2024-09-26,Defaulted
869,191,Home,1443760.15,11.43,2020-03-05,2025-09-19,Closed
870,65,Education,1407512.11,4.68,2019-09-24,2026-04-29,Active
871,384,Business,279986.58,11.13,2019-06-10,2026-02-18,Active
872,400,Education,1105943.76,14.73,2021-05-20,2026-08-06,Defaulted
873,448,Business,1129850.64,6.6,2022-11-15,2024-09-27,Active
874,138,Education,846890.92,11.19,2023-04-12,2025-06-13,Closed
875,376,Personal,227105.19,5.46,2023-05-25,2024-11-16,Defaulted
876,454,Business,747782.91,15.49,2019-08-17,2025-03-22,Defaulted
877,61,Education,483278.97,5.04,2019-06-09,2026-07-03,Defaulted
878,395,Auto,572618.65,11.26,2019-02-08,2024-06-17,Closed
879,461,Business,125526.9,8.51,2023-05-06,2024-11-19,Closed
880,16,Home,1016707.44,13.17,2021-09-18,2026-01-24,Defaulted
881,172,Personal,1461247.39,11.77,2023-04-01,2025-05-18,Active
882,414,Education,392150.46,13.64,2021-06-02,2026-02-21,Defaulted
883,220,Education,679534.39,6.22,2019-03-29,2026-08-30,Defaulted
884,140,Home,71848.17,5.33,2020-02-07,2024-06-03,Active
885,269,Education,1201866.08,6.21,2019-08-09,2025-07-23,Defaulted
886,33,Education,897810.45,7.53,2019-03-09,2026-05-23,Active
887,135,Home,623922.04,11.93,2023-06-13,2026-08-03,Defaulted
888,365,Home,402479.53,4.91,2022-09-13,2025-11-04,Closed
889,500,Auto,1454810.65,9.44,2021-11-17,2025-10-13,Defaulted
890,296,Auto,892561.68,15.94,2022-04-29,2026-03-28,Active
891,322,Home,1051589.55,13.23,2019-05-02,2025-03-26,Closed
892,40,Business,1048189.48,12.31,2021-08-18,2024-02-24,Closed
893,255,Business,274738.32,12.01,2019-09-01,2024-07-12,Defaulted
894,234,Business,1167655.65,13.24,2020-06-02,2024-06-01,Closed
895,262,Personal,410647.27,7.09,2019-03-30,2024-02-25,Closed
896,185,Auto,774882.85,13.37,2019-05-16,2024-08-23,Active
897,29,Business,1044619.73,7.33,2020-09-09,2024-07-06,Defaulted
898,256,Business,540712.04,4.75,2022-09-29,2024-02-06,Active
899,440,Business,1455994.97,8.66,2019-01-22,2025-04-26,Active
900,291,Home,1151362.24,15.95,2023-03-26,2024-09-23,Closed
901,86,Education,137075.89,7.1,2019-07-17,2024-06-16,Closed
902,189,Personal,565500.63,13.75,2023-05-22,2025-12-23,Active
903,81,Education,273181.73,6.14,2019-09-11,2025-04-23,Closed
904,131,Auto,827712.32,4.83,2022-05-17,2025-03-22,Active
905,396,Education,205717.9,15.75,2020-02-25,2024-04-28,Active
906,53,Personal,757372.18,6.41,2022-04-18,2026-07-05,Defaulted
907,458,Business,509272.36,8.71,2020-02-14,2026-08-07,Active
908,294,Business,859608.14,11.75,2020-01-14,2025-05-21,Closed
909,346,Home,984736.67,5.3,2022-10-05,2024-02-11,Defaulted
910,371,Home,553610.72,10.49,2020-12-20,2025-03-28,Defaulted
911,60,Personal,1343104.13,9.18,2019-03-01,2024-12-31,Closed
912,117,Business,1113123.81,11.37,2019-07-05,2025-12-27,Active
913,380,Education,80961.61,5.27,2019-10-26,2025-07-28,Active
914,261,Education,597764.96,9.3,2023-09-29,2025-05-11,Defaulted
915,2,Personal,1100378.78,7.11,2023-03-09,2025-04-13,Defaulted
916,23,Home,413509.55,4.42,2020-07-22,2025-05-19,Closed
917,440,Education,107258.39,4.84,2022-04-02,2024-04-25,Defaulted
918,442,Auto,1074607.67,12.73,2020-12-13,2026-05-16,Active
919,7,Personal,860585.95,13.33,2020-12-22,2026-01-07,Active
920,126,Auto,836964.41,4.23,2019-11-25,2026-06-06,Closed
921,24,Auto,760633.39,9.97,2023-10-18,2024-05-31,Closed
922,242,Home,871717.51,11.83,2021-10-22,2024-05-06,Active
923,187,Business,838249.79,4.01,2023-05-19,2024-12-23,Closed
924,197,Personal,519337.27,4.45,2023-02-01,2024-04-05,Closed
925,472,Business,729172.35,8.69,2022-06-09,2024-07-27,Defaulted
926,77,Education,1308109.67,5.82,2020-05-10,2026-06-08,Defaulted
927,92,Education,918085.92,7.96,2021-10-31,2024-10-17,Defaulted
928,477,Personal,1297813.25,8.7,2022-03-13,2024-07-03,Active
929,492,Home,282497.94,4.04,2019-05-20,2026-05-04,Active
930,440,Education,820149.27,12.49,2019-07-22,2024-06-21,Active
931,19,Education,701607.09,13.25,2023-08-06,2026-02-06,Defaulted
932,284,Business,1238156.9,9.74,2022-03-30,2025-06-04,Closed
933,412,Education,835328.63,8.85,2023-04-13,2026-04-22,Active
934,468,Home,708414.52,12.73,2019-01-29,2024-10-06,Closed
935,366,Education,1175080.97,13.75,2021-12-19,2025-07-30,Defaulted
936,380,Education,783638.71,4.84,2020-03-20,2026-07-01,Defaulted
937,336,Auto,1113803.73,6.71,2023-01-05,2025-11-10,Closed
938,215,Home,1330251.94,8.61,2020-01-28,2025-08-22,Active
939,115,Education,948615.18,12.27,2020-07-31,2024-08-05,Defaulted
940,165,Home,577909.04,13.36,2019-12-18,2025-08-20,Active
941,128,Home,949286.1,5.45,2023-03-25,2026-09-21,Defaulted
942,214,Education,515006.44,10.42,2022-01-05,2024-01-05,Defaulted
943,469,Education,141845.55,15.9,2019-01-09,2025-06-22,Defaulted
944,369,Home,1452386.58,8.0,2023-01-25,2026-02-24,Defaulted
945,164,Business,1237622.11,7.63,2019-07-22,2025-08-07,Defaulted
946,139,Business,325310.71,4.66,2020-03-14,2024-07-03,Defaulted
947,423,Home,1040675.06,15.96,2021-10-29,2025-03-02,Defaulted
948,40,Home,1160314.44,11.76,2023-10-10,2026-07-31,Active
949,293,Business,273490.7,8.38,2022-12-20,2024-03-19,Active
950,191,Business,460537.17,14.24,2021-08-30,2024-09-09,Defaulted
951,62,Auto,644216.57,8.08,2021-01-20,2026-02-25,Active
952,258,Business,516934.88,14.09,2022-11-30,2025-05-25,Defaulted
953,345,Business,189571.63,13.13,2022-04-22,2025-11-24,Active
954,462,Personal,1005391.99,7.48,2020-01-15,2024-04-06,Active
955,27,Education,113477.03,6.44,2021-06-19,2026-06-27,Closed
956,92,Auto,1409809.33,10.65,2022-10-11,2024-12-02,Defaulted
957,115,Auto,309026.26,15.61,2019-08-08,2024-01-27,Active
958,412,Home,95346.94,11.93,2020-01-06,2024-10-18,Defaulted
959,265,Personal,205229.99,7.59,2023-09-06,2025-11-28,Defaulted
960,24,Education,327844.13,8.68,2020-12-27,2025-11-27,Closed
961,489,Auto,96134.87,5.28,2021-02-16,2024-05-04,Active
962,206,Business,980539.92,12.27,2021-05-18,2025-02-07,Defaulted
963,36,Business,613468.29,9.84,2020-03-14,2025-01-17,Active
964,450,Business,760368.97,14.62,2021-11-19,2025-08-27,Defaulted
965,239,Education,954757.2,9.26,2020-04-11,2026-08-09,Defaulted
966,444,Auto,905936.32,6.27,2021-04-14,2026-09-01,Defaulted
967,145,Education,121174.16,4.43,2019-08-20,2024-04-18,Defaulted
968,397,Home,370048.04,4.3,2023-04-09,2026-05-07,Closed
969,433,Home,1090875.53,15.96,2020-10-05,2024-11-27,Defaulted
970,160,Personal,68974.86,6.86,2019-09-11,2024-06-06,Defaulted
971,168,Home,1385501.05,8.67,2021-08-12,2024-01-30,Closed
972,45,Auto,1000836.57,13.51,2019-08-14,2024-03-24,Active
973,284,Auto,1396185.39,11.72,2021-11-30,2025-04-16,Closed
974,234,Auto,1256512.66,10.0,2019-10-06,2026-04-30,Defaulted
975,5,Business,728685.76,15.58,2021-10-12,2025-12-25,Defaulted
976,189,Business,976429.24,13.74,2023-04-11,2025-11-06,Defaulted
977,103,Auto,573342.77,15.6,2021-01-09,2025-05-06,Active
978,150,Home,1128042.29,4.2,2022-12-14,2025-04-09,Closed
979,289,Home,1341124.38,8.07,2020-08-13,2025-10-05,Closed
980,402,Personal,1241938.45,8.05,2022-02-15,2026-09-05,Closed
981,156,Education,1201661.89,12.65,2023-01-18,2024-10-02,Closed
982,379,Personal,134535.04,8.87,2019-03-25,2025-08-31,Active
983,319,Education,944553.32,6.54,2019-06-18,2025-11-04,Defaulted
984,125,Home,817080.21,11.85,2020-11-02,2024-01-06,Defaulted
985,238,Auto,1114735.49,10.28,2021-10-08,2024-12-03,Closed
986,189,Business,1259961.92,15.28,2019-08-25,2026-09-20,Closed
987,303,Personal,163006.29,14.44,2021-02-27,2024-02-14,Closed
988,498,Personal,363055.09,10.44,2020-08-03,2025-11-02,Defaulted
989,253,Home,803253.65,12.89,2021-07-24,2025-09-29,Active
990,396,Education,196776.43,6.8,2022-05-14,2026-08-31,Defaulted
991,398,Personal,384976.1,4.86,2023-02-16,2025-04-08,Active
992,101,Education,608730.08,12.83,2020-09-30,2024-11-28,Active
993,376,Personal,330023.2,9.87,2022-11-08,2026-08-28,Closed
994,462,Auto,1002470.94,4.23,2023-09-19,2026-01-19,Closed
995,280,Home,876540.12,14.89,2021-06-28,2026-01-21,Defaulted
996,390,Education,1423879.85,11.42,2020-04-07,2026-07-17,Closed
997,408,Home,859714.05,6.91,2022-02-08,2026-09-07,Closed
998,126,Business,859305.33,11.79,2021-04-14,2026-03-27,Active
999,78,Home,1131857.15,4.17,2020-08-18,2025-08-05,Closed
1000,4,Education,1161110.96,11.59,2023-10-18,2024-05-12,Active
