payment_id,loan_id,payment_date,amount_paid,is_late
1,343,2024-02-02,17271.72,1
2,84,2023-06-28,69049.54,1
3,902,2022-05-14,53749.06,1
4,586,2020-06-01,31108.83,0
5,828,2023-01-31,57139.66,1
6,26,2021-06-06,18772.86,0
7,756,2021-06-17,50222.01,0
8,232,2022-02-20,9267.8,1
9,707,2023-08-23,31588.49,1
10,434,2020-11-30,47024.24,1
11,981,2022-03-30,24080.55,0
12,77,2022-07-23,83070.65,1
13,940,2020-06-19,14973.27,1
14,256,2021-06-04,50371.54,1
15,202,2023-10-17,3493.75,0
16,169,2022-05-21,37168.79,1
17,338,2023-11-23,83908.67,1
18,319,2020-10-20,7840.5,0
19,65,2023-01-02,16358.72,0
20,642,2021-02-21,88236.04,1
21,641,2020-05-24,79170.54,1
22,100,2023-07-13,51693.34,0
23,29,2024-02-09,95976.86,1
24,492,2021-07-05,57392.66,1
25,443,2023-07-20,95507.47,0
26,828,2023-11-28,72180.12,0
27,25,2023-08-15,16836.49,0
28,607,2021-01-29,74106.15,0
29,817,2024-01-03,44908.93,0
30,642,2022-02-01,92071.2,0
31,958,2023-02-28,31207.8,0
32,343,2023-09-08,6117.26,0
33,861,2023-08-19,93494.67,1
34,257,2022-11-13,27126.66,0
35,254,2023-05-23,68814.53,0
36,111,2020-12-01,40465.36,0
37,485,2022-05-09,41714.02,1
38,245,2020-11-10,90703.79,1
39,982,2021-10-09,89624.26,1
40,349,2022-06-07,92258.83,0
41,853,2022-02-15,60912.76,1
42,56,2020-02-23,19810.29,0
43,842,2023-05-21,45274.18,0
44,342,2021-05-21,87965.44,0
45,533,2020-06-07,81024.88,0
46,814,2021-07-07,16500.11,1
47,243,2020-09-12,77463.05,0
48,967,2022-12-24,27251.98,0
49,75,2020-08-13,43382.29,0
50,795,2023-11-01,22353.75,1
51,615,2023-01-28,32584.62,0
52,635,2022-04-13,31841.41,1
53,450,2020-05-15,92930.51,1
54,783,2021-11-05,47731.98,1
55,98,2023-08-04,20787.1,1
56,641,2020-07-01,78893.36,1
57,458,2022-01-13,83883.68,0
58,593,2021-11-14,12316.1,0
59,128,2021-07-13,54077.43,1
60,88,2020-10-26,70330.94,0
61,998,2021-04-07,51870.07,1
62,63,2021-07-14,69460.84,0
63,939,2020-01-21,37683.22,0
64,35,2020-07-19,37356.8,1
65,387,2022-02-11,48255.6,0
66,321,2021-03-31,96260.35,1
67,912,2022-02-14,47744.55,0
68,869,2020-08-03,91518.15,0
69,711,2020-09-09,5562.95,0
70,67,2020-12-25,77376.66,0
71,802,2022-12-14,11577.61,1
72,131,2024-01-31,16636.8,0
73,64,2021-09-19,90964.33,0
74,942,2023-04-20,79303.31,1
75,822,2022-09-29,59291.27,0
76,453,2020-07-14,39191.78,0
77,57,2022-12-19,63226.3,1
78,309,2021-12-15,90291.5,1
79,626,2023-12-05,88147.11,1
80,642,2023-03-17,8192.99,1
81,443,2021-07-31,84975.41,0
82,68,2023-02-03,15215.78,0
83,105,2021-07-09,67997.69,1
84,694,2023-05-29,47892.36,1
85,58,2020-07-21,77010.57,1
86,573,2020-04-08,53246.8,1
87,54,2020-12-15,84402.21,0
88,302,2021-10-13,11211.93,1
89,871,2022-03-08,29206.96,1
90,391,2021-01-05,98658.83,0
91,412,2021-12-07,13383.74,1
92,99,2023-10-20,60650.95,1
93,633,2022-12-24,82728.19,0
94,771,2023-02-03,57848.01,0
95,421,2023-05-02,69987.51,0
96,239,2022-04-04,86838.47,0
97,886,2022-09-03,14779.94,0
98,614,2023-04-28,59707.9,0
99,807,2020-09-18,52549.62,0
100,676,2021-06-14,72544.28,0
101,639,2020-01-20,71052.55,1
102,11,2023-11-07,53077.61,1
103,465,2022-11-17,57518.78,0
104,394,2023-12-31,96826.01,0
105,476,2020-11-14,16231.07,0
106,815,2023-09-08,89820.08,1
107,439,2020-09-15,65047.81,0
108,902,2020-10-19,18013.22,1
109,636,2022-02-14,63939.23,1
110,635,2023-03-08,72756.78,1
111,104,2021-07-01,93843.53,1
112,348,2020-04-18,81144.83,0
113,667,2024-01-25,63495.4,1
114,961,2023-08-02,22467.89,1
115,692,2022-01-28,9512.78,1
116,802,2023-12-19,17843.14,0
117,27,2021-05-25,88350.21,0
118,465,2023-10-20,53422.79,1
119,530,2023-05-31,26978.99,0
120,337,2022-05-06,13049.88,0
121,602,2023-12-18,5391.67,0
122,198,2022-07-26,52063.04,0
123,111,2021-01-09,40899.25,0
124,106,2022-06-17,92826.31,0
125,13,2021-12-25,32092.6,0
126,610,2022-08-17,49920.79,0
127,731,2022-10-25,20852.26,1
128,70,2021-08-10,25788.0,1
129,608,2021-07-18,85229.64,0
130,809,2022-05-26,28246.34,1
131,861,2022-12-02,62437.73,1
132,199,2024-01-11,45595.6,1
133,927,2021-04-13,66841.45,0
134,587,2021-09-17,14950.06,1
135,130,2023-07-25,17185.9,1
136,653,2020-06-27,5100.81,0
137,522,2021-09-17,16743.56,1
138,263,2022-04-12,75226.05,1
139,364,2021-10-02,26346.14,1
140,432,2020-07-03,52616.95,0
141,493,2023-07-23,70863.98,1
142,743,2020-06-11,22434.05,1
143,636,2020-06-06,49605.25,1
144,456,2024-02-03,31076.56,0
145,191,2021-05-06,12701.91,1
146,249,2020-07-10,60110.09,1
147,141,2020-12-04,38631.92,1
148,817,2023-03-24,29692.59,1
149,46,2020-04-27,40424.62,0
150,62,2020-06-22,80585.95,1
151,131,2021-08-08,48004.48,1
152,320,2023-02-08,81908.88,0
153,599,2022-10-06,17372.15,1
154,447,2020-01-22,30491.96,1
155,526,2022-05-18,14652.27,0
156,983,2023-10-18,40774.65,0
157,668,2022-11-07,59312.19,0
158,773,2024-02-05,6306.1,0
159,367,2020-10-06,66090.97,1
160,319,2022-09-09,66747.57,0
161,598,2022-10-16,46114.5,0
162,907,2022-11-20,91086.51,1
163,555,2023-11-04,37408.51,0
164,795,2023-10-18,16512.44,1
165,150,2022-12-26,88595.15,1
166,151,2023-11-30,47459.97,1
167,481,2020-09-12,3884.65,1
168,317,2022-04-10,18356.51,0
169,618,2020-01-29,51561.92,0
170,352,2023-06-16,86519.15,1
171,299,2021-01-24,23445.67,0
172,378,2020-01-15,90547.4,0
173,994,2024-01-02,53930.4,0
174,9,2022-05-20,52765.38,0
175,531,2023-12-09,19926.2,0
176,601,2022-12-30,17686.06,1
177,674,2021-12-07,66625.54,0
178,695,2021-05-15,57625.33,0
179,149,2023-09-16,47569.73,1
180,59,2022-12-17,86290.4,0
181,244,2023-11-01,16583.81,0
182,520,2023-06-01,79141.21,1
183,839,2020-03-27,66869.06,0
184,856,2023-05-28,92577.26,0
185,573,2022-07-07,9616.38,0
186,880,2020-12-11,84414.57,0
187,56,2023-10-13,49923.23,0
188,433,2022-12-08,96367.84,1
189,353,2021-04-05,61766.65,0
190,201,2020-12-24,20496.33,1
191,1000,2020-06-02,71724.52,0
192,206,2022-01-21,52177.08,1
193,656,2020-09-30,66913.79,1
194,931,2022-11-18,28144.92,1
195,207,2021-12-24,70683.56,1
196,805,2020-04-14,60118.65,1
197,71,2022-05-15,59330.3,1
198,350,2022-10-11,59695.84,1
199,194,2022-02-15,83498.97,0
200,684,2020-12-15,9554.29,1
201,488,2022-02-03,5863.62,0
202,712,2020-08-19,74089.12,0
203,709,2021-11-23,25475.32,1
204,479,2023-10-22,67530.31,1
205,615,2021-05-26,51445.09,0
206,710,2023-01-09,68894.26,0
207,340,2020-08-29,34394.96,0
208,873,2021-08-17,25458.85,1
209,593,2021-09-04,77859.1,0
210,580,2022-09-16,91975.02,0
211,987,2021-08-24,80173.68,1
212,344,2021-06-26,13226.89,0
213,631,2021-03-12,88433.27,0
214,307,2020-01-05,73631.83,1
215,429,2023-07-16,40256.1,0
216,337,2023-03-10,97412.01,1
217,167,2022-03-17,92470.45,1
218,108,2021-03-21,9006.88,0
219,466,2021-09-16,27296.93,0
220,898,2023-08-09,6629.57,1
221,809,2022-11-21,75743.69,0
222,933,2020-03-13,45828.26,0
223,44,2022-08-06,39309.25,1
224,508,2023-06-19,64235.52,0
225,225,2022-09-26,5857.57,1
226,943,2020-04-27,19884.52,0
227,4,2021-12-29,13443.12,0
228,655,2020-01-13,46602.43,0
229,229,2023-06-14,15922.01,1
230,710,2022-07-31,64827.39,0
231,236,2021-11-03,56977.42,1
232,478,2021-09-03,21984.64,1
233,639,2021-12-25,50636.99,0
234,219,2020-08-07,68848.36,0
235,245,2020-01-11,24873.16,1
236,493,2021-12-17,74988.93,0
237,753,2024-01-19,45104.11,1
238,787,2021-01-16,54267.36,0
239,976,2022-04-03,79630.41,1
240,835,2021-12-27,11343.77,1
241,340,2020-01-19,5351.58,0
242,827,2020-07-26,96103.74,1
243,758,2022-06-01,12331.99,0
244,385,2022-10-04,6224.2,0
245,211,2021-02-08,16634.57,1
246,410,2020-06-22,3507.92,1
247,189,2022-12-19,78115.41,0
248,846,2022-11-19,58124.62,1
249,7,2020-11-10,86855.64,1
250,372,2022-04-21,36049.0,0
251,11,2020-09-10,69189.04,1
252,76,2022-09-25,95901.13,1
253,367,2020-01-15,73643.5,0
254,31,2020-11-14,54230.99,1
255,569,2023-09-06,21443.28,1
256,118,2021-05-27,23125.05,0
257,146,2021-04-08,83274.85,0
258,298,2022-08-21,51582.48,0
259,451,2022-03-20,37579.06,1
260,200,2022-02-05,90276.31,0
261,647,2021-09-04,85781.9,1
262,600,2022-01-16,80754.8,1
263,935,2022-05-27,45571.17,1
264,784,2021-01-08,63670.66,0
265,369,2023-01-03,87775.76,0
266,45,2021-07-05,58207.79,1
267,999,2020-08-10,15337.66,1
268,31,2022-06-17,53172.95,1
269,204,2023-09-06,12788.56,1
270,203,2022-06-18,51375.09,1
271,291,2020-11-27,7993.46,1
272,179,2020-10-13,55432.19,1
273,225,2021-12-25,5186.62,0
274,907,2022-06-07,82668.8,0
275,269,2020-01-12,31119.96,0
276,737,2022-01-05,83330.4,1
277,179,2023-12-23,40871.36,0
278,348,2021-02-10,37716.8,1
279,868,2020-08-14,87626.93,0
280,568,2021-01-23,18312.71,1
281,252,2021-08-06,30942.69,1
282,183,2020-03-23,54839.11,0
283,201,2020-09-30,26415.64,1
284,23,2022-03-19,53222.7,1
285,181,2022-05-12,62290.99,1
286,864,2021-11-09,33287.21,0
287,269,2020-03-05,63008.56,0
288,933,2020-11-24,55956.34,0
289,104,2023-09-26,89505.41,0
290,22,2021-02-11,59528.93,0
291,852,2022-09-08,93881.91,0
292,694,2023-09-24,98538.59,1
293,141,2021-06-28,66363.5,1
294,389,2020-08-31,6130.65,1
295,671,2022-05-12,43876.35,0
296,807,2022-09-28,22449.59,1
297,907,2023-01-31,89138.72,1
298,114,2022-10-11,8761.02,1
299,347,2023-10-28,22810.63,0
300,959,2024-01-02,82225.95,1
301,216,2020-09-17,34972.09,1
302,313,2021-10-27,76462.44,0
303,468,2022-03-29,91495.0,0
304,246,2022-10-24,9045.86,0
305,379,2024-01-26,50874.85,0
306,829,2022-03-07,81149.22,1
307,382,2020-09-26,57694.05,0
308,677,2020-08-12,62170.17,1
309,176,2020-08-08,83995.34,1
310,964,2020-02-13,81326.29,0
311,540,2020-09-15,36547.02,1
312,819,2020-11-14,9864.02,1
313,639,2021-12-05,43375.3,1
314,903,2022-10-21,74711.07,1
315,445,2020-01-28,93148.27,1
316,900,2023-11-02,89089.31,0
317,729,2021-04-29,49440.83,1
318,67,2020-04-16,15558.06,1
319,122,2023-10-21,73162.99,0
320,148,2021-12-01,13093.94,1
321,904,2022-05-29,51169.88,1
322,947,2023-05-07,24848.77,1
323,134,2020-01-17,36975.0,0
324,814,2022-06-08,49326.48,0
325,195,2022-09-10,78809.56,1
326,197,2021-08-15,88015.63,1
327,546,2021-07-31,25092.25,1
328,388,2022-09-22,93330.91,0
329,712,2020-06-18,5556.32,1
330,384,2022-05-28,78836.79,0
331,326,2021-05-22,22028.91,1
332,614,2023-06-18,61989.47,1
333,440,2020-11-08,39800.67,0
334,652,2024-02-02,69308.72,1
335,251,2022-11-13,4755.2,1
336,944,2021-01-17,49770.81,0
337,48,2021-05-25,40551.1,0
338,782,2021-07-29,39591.1,1
339,631,2020-08-23,15148.03,1
340,602,2021-06-23,71029.77,1
341,194,2023-12-06,56305.86,0
342,875,2021-05-21,14211.57,1
343,549,2023-09-26,14445.28,0
344,302,2022-05-28,62718.36,1
345,809,2021-02-10,90644.48,1
346,153,2022-08-28,37123.54,1
347,336,2023-12-17,36283.19,1
348,254,2020-07-30,92052.65,1
349,55,2023-12-06,26102.51,1
350,645,2024-02-04,11923.11,0
351,815,2022-10-25,3974.82,0
352,287,2023-06-05,43067.35,1
353,894,2021-01-06,75999.2,0
354,130,2021-01-21,81350.3,0
355,872,2023-04-25,55013.1,0
356,521,2023-07-12,7440.63,1
357,992,2023-07-23,80771.41,1
358,599,2020-10-31,87705.81,0
359,908,2021-04-14,27242.47,1
360,501,2020-09-03,8517.71,0
361,215,2020-09-27,8495.5,0
362,745,2022-04-01,45539.92,0
363,84,2020-03-19,30411.81,0
364,804,2021-07-14,33470.21,1
365,482,2021-01-28,61434.35,1
366,810,2020-10-26,89371.2,0
367,680,2022-05-23,99814.61,1
368,630,2020-02-06,15582.48,1
369,67,2023-06-16,41588.41,1
370,172,2021-02-12,66785.53,0
371,521,2020-07-05,66689.26,1
372,398,2020-04-14,10408.65,0
373,770,2022-02-17,94021.9,1
374,904,2022-04-14,22968.51,0
375,661,2022-12-11,71409.75,1
376,770,2021-09-19,81902.21,0
377,522,2023-12-04,90071.1,1
378,384,2023-07-21,86299.74,0
379,511,2021-04-18,46023.56,0
380,532,2021-03-30,32363.73,0
381,476,2021-11-19,38592.56,1
382,184,2022-05-22,56486.37,0
383,330,2022-09-08,87290.18,1
384,730,2020-05-05,26687.96,0
385,383,2022-11-10,89618.91,0
386,539,2022-05-24,33929.32,0
387,712,2023-08-11,55517.66,0
388,495,2020-04-15,13124.68,1
389,733,2021-09-15,36623.64,0
390,979,2020-08-13,42850.88,0
391,507,2021-07-05,95204.66,0
392,486,2022-01-14,50162.15,1
393,275,2021-07-28,10609.27,0
394,596,2021-12-19,91468.77,0
395,411,2023-12-28,84618.26,1
396,654,2022-05-06,53536.51,1
397,944,2021-05-20,32579.1,1
398,810,2021-10-17,56637.67,0
399,598,2020-04-07,14906.56,1
400,666,2021-01-07,73316.34,0
401,38,2020-03-24,79430.19,1
402,213,2020-01-02,6479.16,1
403,225,2020-04-16,25805.21,1
404,917,2023-09-14,45706.91,1
405,208,2021-10-20,77126.62,1
406,463,2021-03-10,95445.36,1
407,884,2021-08-07,5065.1,1
408,241,2022-08-24,84123.54,1
409,406,2021-07-27,29218.96,0
410,224,2023-05-27,60059.3,1
411,314,2020-07-25,32140.05,1
412,436,2022-06-01,96614.36,0
413,911,2021-01-13,8792.84,0
414,387,2021-05-31,85893.7,1
415,586,2022-10-03,40241.82,0
416,161,2022-01-14,4828.3,0
417,958,2021-11-15,40111.05,0
418,863,2021-09-15,46069.91,1
419,384,2020-08-16,24771.5,1
420,261,2020-07-17,39794.72,0
421,564,2023-10-02,67012.79,0
422,87,2020-01-28,54651.72,1
423,138,2023-10-30,67059.04,0
424,770,2023-02-04,6036.69,1
425,87,2020-09-23,77010.64,1
426,303,2021-11-09,93910.72,0
427,456,2022-01-08,91275.24,1
428,532,2022-01-10,76184.37,1
429,361,2023-04-21,35613.17,1
430,236,2022-12-19,83331.28,1
431,598,2023-05-23,28465.68,0
432,43,2022-01-31,76071.88,0
433,477,2021-05-02,24004.78,0
434,525,2023-08-24,5652.48,1
435,637,2021-07-19,73401.27,0
436,345,2021-03-06,63288.46,1
437,437,2023-04-11,86977.0,1
438,462,2022-02-25,78913.43,0
439,479,2020-06-27,93070.95,0
440,443,2020-08-05,75982.87,1
441,419,2020-09-24,81317.48,0
442,377,2023-07-13,56669.53,1
443,824,2023-05-17,95389.94,1
444,510,2020-09-03,93449.85,0
445,325,2020-03-25,30879.59,1
446,280,2023-04-16,99116.44,1
447,392,2023-09-02,54871.85,0
448,26,2021-01-25,44112.0,1
449,184,2021-01-30,72764.36,0
450,453,2023-12-14,77594.2,1
451,240,2022-07-01,28229.77,1
452,272,2020-07-21,96149.59,1
453,661,2020-06-02,48331.25,1
454,78,2023-01-24,99283.47,0
455,368,2023-06-21,26108.01,1
456,924,2021-12-03,91048.12,0
457,85,2021-09-09,30227.91,1
458,302,2024-01-25,69212.08,0
459,863,2022-08-29,29616.1,0
460,514,2021-02-17,99884.19,1
461,526,2022-12-28,77819.9,0
462,560,2024-01-16,31695.02,0
463,660,2020-11-10,58395.02,0
464,81,2020-03-30,6744.8,1
465,805,2020-09-18,29604.18,0
466,284,2021-01-27,29068.49,0
467,949,2022-05-06,27299.79,0
468,234,2023-02-01,66344.02,0
469,101,2023-12-28,77841.7,0
470,122,2021-06-01,4196.89,0
471,74,2023-02-21,32768.83,1
472,369,2021-12-12,67095.32,0
473,40,2022-01-19,84091.98,1
474,560,2022-07-07,85216.49,0
475,206,2023-07-13,46049.44,0
476,342,2024-01-09,4674.87,1
477,202,2020-08-28,3860.46,1
478,692,2022-06-12,6589.36,1
479,338,2020-05-18,37796.19,1
480,257,2022-09-15,64861.08,1
481,310,2022-05-08,56991.02,0
482,764,2022-12-08,42635.26,1
483,836,2022-10-28,59218.32,0
484,787,2020-02-14,10716.05,0
485,700,2020-12-07,90013.3,1
486,866,2023-05-12,56490.44,1
487,282,2021-07-15,95469.45,0
488,196,2023-11-27,45722.63,1
489,723,2020-09-21,28026.67,1
490,619,2021-08-16,79313.36,1
491,142,2020-04-03,28175.46,0
492,876,2023-03-05,51008.11,0
493,771,2020-05-04,25059.64,1
494,734,2023-11-21,19926.05,1
495,758,2021-01-24,87510.2,0
496,557,2022-03-25,66629.88,0
497,935,2022-10-10,25569.23,1
498,268,2023-11-03,66496.28,0
499,9,2022-12-26,20872.78,1
500,789,2022-11-17,52151.76,1
501,307,2020-06-02,45709.96,0
502,289,2020-12-04,33781.44,1
503,843,2022-06-15,56680.55,0
504,355,2022-11-09,25111.38,0
505,802,2022-02-25,95315.27,0
506,414,2023-02-25,99221.2,1
507,969,2022-03-10,97602.39,0
508,416,2022-03-31,4563.46,0
509,842,2023-05-28,84958.3,0
510,594,2021-07-10,85392.51,0
511,776,2021-02-27,55422.81,0
512,672,2021-01-11,7339.11,1
513,13,2020-01-08,25765.6,1
514,484,2020-11-23,13588.86,1
515,670,2023-03-17,52172.98,0
516,525,2021-03-22,13978.71,1
517,780,2023-04-27,10512.67,0
518,975,2023-11-27,22792.07,0
519,153,2020-01-19,58325.49,0
520,887,2022-11-16,83426.37,1
521,408,2022-07-21,69058.58,0
522,234,2022-10-28,9925.14,0
523,233,2023-12-20,44368.11,1
524,741,2024-01-15,30459.19,0
525,768,2022-12-11,5395.38,0
526,215,2021-06-14,61875.77,1
527,486,2021-09-13,37947.83,0
528,240,2021-03-27,97584.59,1
529,529,2021-08-29,90047.05,0
530,602,2023-12-21,39347.41,0
531,805,2021-07-03,94420.52,1
532,566,2023-02-04,31524.11,0
533,776,2020-08-31,6022.27,0
534,480,2020-12-16,38725.29,0
535,740,2021-04-03,31214.65,1
536,834,2020-04-03,17556.14,1
537,473,2022-12-28,60349.06,0
538,349,2021-05-02,13304.51,1
539,811,2021-08-20,23513.53,0
540,88,2020-03-21,33371.26,0
541,321,2023-08-02,72429.49,0
542,867,2020-10-30,74978.21,1
543,193,2021-07-22,78996.31,0
544,440,2020-09-29,72145.5,0
545,789,2021-07-07,94174.16,1
546,965,2020-04-15,39747.45,1
547,715,2023-08-08,59520.57,1
548,428,2021-05-24,66734.76,1
549,215,2021-03-06,17557.24,0
550,450,2022-12-30,76973.35,0
551,461,2020-08-25,65973.57,1
552,874,2020-01-03,95652.4,0
553,572,2023-08-21,95986.64,1
554,31,2021-12-12,99254.98,0
555,384,2023-07-19,57844.03,0
556,143,2023-05-24,99787.86,1
557,592,2022-01-25,64141.46,0
558,895,2021-10-26,74193.27,1
559,132,2020-06-19,55279.84,0
560,313,2023-12-15,14760.51,1
561,966,2023-01-29,88212.52,0
562,756,2021-06-24,80425.94,1
563,10,2024-01-18,61888.89,0
564,512,2020-09-30,66942.18,0
565,830,2022-04-16,53472.59,1
566,675,2023-06-06,33743.12,1
567,855,2021-08-26,21917.29,0
568,364,2021-10-26,58798.64,1
569,348,2020-04-27,91373.74,1
570,231,2023-07-05,34882.4,0
571,430,2020-01-22,80503.58,1
572,436,2021-12-29,97815.05,0
573,703,2021-03-25,25396.4,1
574,771,2024-02-05,33537.19,1
575,414,2021-07-26,97322.49,1
576,782,2020-12-27,70228.09,1
577,798,2021-06-08,46165.73,1
578,708,2020-02-02,95888.03,0
579,551,2023-01-05,42762.8,1
580,307,2023-09-08,10729.94,0
581,334,2023-04-09,57364.34,1
582,602,2020-08-05,10415.05,0
583,24,2024-01-19,38142.81,1
584,582,2023-11-10,49962.99,1
585,805,2022-02-21,25343.93,1
586,33,2023-09-01,79271.5,1
587,945,2021-06-11,25287.04,1
588,143,2023-07-06,83298.65,1
589,158,2023-07-23,98714.26,0
590,976,2023-05-22,92794.54,0
591,339,2023-02-02,26759.56,0
592,582,2021-02-26,91198.78,0
593,645,2022-06-24,68388.2,1
594,819,2021-03-27,67592.56,0
595,618,2021-10-26,61737.93,1
596,936,2021-07-04,80198.03,0
597,623,2021-02-21,36132.46,0
598,588,2023-04-06,14442.51,0
599,888,2023-07-13,42624.77,1
600,401,2022-03-20,51987.52,1
601,391,2020-11-14,17394.66,0
602,210,2022-07-02,50937.42,1
603,972,2021-04-19,88499.8,0
604,401,2024-02-03,22216.11,1
605,66,2024-01-27,20451.82,0
606,548,2022-06-07,47044.71,1
607,396,2022-01-24,19176.78,0
608,193,2020-10-30,43606.68,0
609,487,2022-09-08,77254.43,0
610,112,2020-07-10,72004.04,1
611,337,2022-10-12,48576.45,0
612,584,2021-01-06,12796.55,0
613,986,2022-07-29,87337.5,1
614,463,2021-01-13,83884.28,0
615,655,2020-12-26,5321.35,0
616,917,2021-01-21,19192.76,1
617,312,2023-03-12,10082.43,0
618,96,2022-10-01,52945.02,0
619,176,2024-02-02,54343.04,0
620,107,2021-01-04,40647.07,1
621,692,2023-08-19,43968.79,0
622,567,2021-07-31,15362.94,0
623,182,2020-02-13,70602.08,1
624,33,2021-09-27,26419.19,0
625,847,2020-11-29,31459.01,0
626,706,2020-12-29,35670.4,1
627,618,2022-03-18,82997.41,0
628,501,2023-11-08,35654.13,1
629,28,2023-05-29,62049.47,0
630,192,2021-01-19,13453.86,1
631,204,2020-05-22,73051.42,1
632,72,2020-10-20,10154.0,0
633,934,2020-05-27,92310.2,0
634,987,2022-05-23,95142.15,0
635,396,2021-05-17,91335.4,0
636,291,2022-07-20,64190.7,1
637,211,2023-08-14,74847.66,1
638,239,2022-04-04,45261.94,1
639,299,2020-07-24,76493.03,0
640,676,2024-01-23,70911.03,1
641,537,2022-12-14,74143.98,1
642,72,2020-10-08,73199.62,0
643,466,2024-01-28,60187.14,1
644,59,2020-01-25,82550.29,1
645,378,2023-05-20,52409.28,1
646,531,2020-07-23,17768.87,1
647,12,2022-02-12,3755.02,0
648,176,2022-02-25,60525.68,1
649,335,2020-02-12,68368.99,1
650,881,2020-08-13,46992.13,0
651,932,2020-01-28,34082.38,1
652,421,2023-08-12,20142.06,0
653,401,2020-03-30,73085.72,1
654,161,2020-09-27,30092.06,0
655,114,2021-05-23,77981.61,0
656,133,2020-06-20,25529.56,0
657,550,2021-07-02,50849.47,0
658,429,2020-10-19,7683.93,0
659,490,2023-07-08,53214.73,0
660,761,2023-05-13,53943.78,1
661,71,2020-01-28,52298.11,0
662,399,2020-01-20,93020.23,0
663,979,2020-08-05,30669.95,1
664,926,2023-01-15,40254.57,0
665,887,2021-11-24,76458.12,1
666,212,2023-12-19,95490.83,1
667,134,2020-06-23,7067.64,1
668,892,2021-02-18,94670.11,1
669,211,2020-10-12,88591.26,1
670,318,2022-09-10,73905.53,1
671,443,2023-02-26,44762.15,0
672,838,2022-06-28,29990.85,0
673,727,2020-11-30,88319.62,1
674,681,2021-09-21,33493.64,0
675,487,2021-11-10,36692.52,0
676,163,2022-09-07,19062.48,1
677,619,2020-11-12,30920.79,0
678,589,2021-05-14,50203.67,0
679,962,2020-04-24,24692.44,0
680,318,2023-01-18,19424.11,1
681,602,2023-11-18,94102.87,1
682,208,2021-07-01,28164.61,0
683,515,2023-07-09,61798.51,0
684,734,2023-01-18,13293.59,0
685,702,2020-09-09,25472.43,0
686,470,2020-02-13,30026.98,1
687,283,2020-04-01,12309.67,0
688,207,2020-07-29,56559.85,0
689,8,2023-01-20,52343.72,0
690,147,2021-08-30,19378.68,0
691,457,2020-07-29,61043.98,1
692,66,2022-11-13,6855.27,1
693,845,2022-04-30,89392.51,1
694,409,2020-10-17,55177.84,0
695,620,2020-01-03,21927.87,1
696,827,2021-04-04,50371.49,0
697,253,2020-02-19,82772.63,0
698,539,2021-04-09,38845.43,0
699,337,2022-05-24,30338.24,1
700,933,2022-02-28,94944.34,0
701,583,2020-10-28,44370.75,0
702,901,2021-12-24,46147.99,0
703,503,2023-09-04,15239.33,1
704,472,2021-08-10,47023.39,1
705,474,2021-04-07,92045.53,0
706,590,2023-11-02,72476.34,1
707,41,2022-02-26,92160.82,1
708,755,2023-11-07,14634.24,0
709,94,2024-01-04,89221.34,0
710,295,2020-08-18,50845.79,1
711,662,2022-10-04,11425.79,1
712,903,2020-12-13,16271.35,0
713,941,2020-08-13,30009.96,1
714,468,2021-04-04,67865.41,0
715,356,2020-07-27,96938.64,0
716,718,2021-07-31,80953.18,0
717,863,2022-01-01,75194.92,0
718,729,2020-06-05,24576.85,1
719,812,2023-06-14,10211.98,1
720,305,2021-11-14,18202.54,0
721,401,2020-08-30,35527.7,1
722,628,2022-01-08,46986.01,0
723,844,2020-06-22,74345.61,0
724,830,2020-03-29,68191.9,1
725,871,2023-05-23,10186.58,0
726,180,2020-11-05,69729.94,0
727,426,2020-12-30,89550.43,1
728,256,2022-05-27,6720.61,0
729,184,2022-12-22,12742.56,0
730,922,2021-11-16,71395.06,0
731,633,2023-05-13,53565.79,1
732,751,2021-01-06,21468.67,0
733,443,2023-10-23,57142.52,0
734,469,2022-05-20,84250.6,1
735,394,2020-11-03,63729.84,1
736,933,2023-09-28,95070.71,0
737,675,2023-11-08,63846.65,0
738,188,2021-09-09,26853.63,0
739,716,2023-07-03,59875.31,0
740,583,2021-08-10,87595.14,0
741,98,2021-12-14,24360.33,1
742,403,2020-07-31,21980.8,0
743,716,2021-07-09,48601.19,0
744,969,2022-10-19,49997.2,1
745,45,2023-09-17,21149.17,0
746,246,2022-01-25,51182.46,0
747,907,2021-06-27,15783.82,0
748,892,2023-12-27,64572.95,0
749,162,2020-06-05,11605.04,0
750,281,2020-01-05,53081.7,1
751,904,2020-10-31,73158.51,1
752,644,2023-09-05,23776.34,1
753,551,2020-10-27,45128.92,1
754,299,2021-10-17,50597.04,1
755,683,2020-10-29,62288.07,0
756,939,2022-03-10,71869.08,1
757,69,2022-07-03,6764.83,1
758,715,2024-01-17,69734.22,1
759,744,2022-09-06,62497.69,1
760,740,2020-05-17,64209.56,1
761,924,2020-08-19,25767.43,0
762,223,2023-03-29,36824.27,1
763,931,2022-05-25,54454.73,1
764,506,2024-01-28,95570.52,0
765,422,2021-07-24,88155.3,0
766,781,2020-10-23,84547.11,1
767,567,2020-07-04,87878.79,0
768,125,2021-10-23,67793.65,1
769,378,2020-09-18,50551.53,1
770,79,2021-01-07,64112.67,0
771,774,2022-02-27,60990.68,1
772,108,2021-12-23,55711.09,0
773,517,2021-10-15,31655.47,1
774,785,2022-10-09,24236.26,1
775,799,2022-05-18,96403.14,0
776,334,2022-09-12,89991.38,0
777,420,2023-11-21,77101.85,1
778,462,2022-04-27,43700.62,1
779,169,2023-05-17,46375.77,0
780,259,2023-07-27,26997.44,1
781,213,2021-11-13,44211.93,0
782,519,2020-10-10,20090.86,1
783,46,2023-09-01,95762.61,0
784,474,2021-05-18,67079.45,1
785,28,2022-02-23,36715.12,1
786,75,2022-05-07,41614.66,1
787,655,2023-01-30,15421.61,1
788,712,2022-10-15,88570.63,1
789,692,2023-01-08,84491.72,1
790,768,2022-12-29,86808.9,1
791,473,2022-10-05,61302.7,1
792,391,2022-12-26,69660.53,1
793,352,2023-01-03,5809.37,1
794,764,2021-04-16,28988.61,1
795,409,2022-02-26,23865.3,1
796,877,2020-06-20,85545.87,0
797,200,2023-04-04,42673.56,0
798,407,2024-01-04,57538.96,0
799,39,2022-05-13,34349.63,0
800,11,2022-12-15,68473.94,0
801,257,2023-03-29,42889.22,0
802,118,2023-11-21,81475.96,1
803,727,2021-03-25,44244.33,1
804,940,2023-12-10,28287.84,1
805,140,2020-06-27,8299.44,1
806,335,2021-04-26,50094.02,1
807,687,2022-01-10,24237.97,0
808,767,2020-01-06,64717.82,1
809,476,2021-02-20,7425.97,0
810,497,2020-02-05,46420.73,1
811,473,2022-01-12,24467.07,0
812,70,2023-02-17,87935.33,1
813,85,2022-08-28,54993.27,1
814,562,2020-09-30,78616.54,1
815,673,2020-08-13,13700.62,0
816,249,2020-05-02,96920.81,0
817,731,2021-12-16,62242.89,0
818,973,2022-01-09,15533.89,1
819,449,2020-10-12,55357.43,0
820,144,2021-08-26,95177.02,1
821,483,2022-07-31,5048.42,1
822,841,2020-10-22,39781.25,0
823,286,2023-02-03,78702.05,1
824,862,2022-05-12,35328.94,0
825,166,2021-05-11,37211.96,0
826,175,2021-03-07,77303.26,1
827,859,2021-04-04,9156.08,0
828,19,2020-04-24,7773.88,1
829,622,2020-10-09,23414.95,0
830,103,2020-08-28,54940.85,1
831,182,2023-11-25,98566.08,0
832,302,2023-12-12,84300.46,0
833,128,2020-10-20,41366.05,1
834,548,2022-02-12,72628.59,1
835,760,2020-02-23,31148.19,1
836,401,2023-11-26,18656.21,0
837,173,2022-05-19,39266.36,0
838,80,2022-01-31,43099.34,1
839,688,2020-04-20,56636.26,1
840,782,2023-12-07,27124.26,0
841,12,2020-08-05,4323.17,0
842,694,2023-09-19,85011.75,0
843,280,2023-04-06,76246.82,0
844,158,2020-05-31,54075.87,0
845,452,2022-09-03,51645.43,0
846,367,2023-05-01,79760.32,0
847,183,2020-11-19,7101.66,1
848,222,2020-03-02,30459.7,0
849,732,2020-10-27,5351.7,1
850,36,2022-01-18,64260.88,1
851,915,2020-10-16,69742.79,0
852,692,2020-06-10,6276.47,0
853,546,2021-05-16,75741.79,0
854,222,2020-06-06,81860.6,1
855,453,2020-01-26,39652.1,0
856,714,2023-03-11,41872.84,1
857,49,2022-05-02,82374.7,1
858,857,2020-11-02,88032.3,1
859,651,2021-01-08,86612.42,1
860,831,2022-08-20,10423.13,1
861,536,2020-10-13,51937.44,0
862,657,2022-12-16,71238.46,1
863,679,2023-12-01,74065.97,1
864,734,2021-09-05,4954.96,0
865,676,2022-08-20,75037.24,0
866,919,2022-04-22,55544.7,0
867,106,2024-01-19,92140.53,0
868,400,2021-11-21,12269.0,1
869,707,2022-06-28,60054.99,0
870,316,2023-08-13,40939.02,1
871,455,2023-11-24,83652.76,0
872,54,2020-01-28,86352.4,1
873,613,2021-08-10,79122.86,1
874,5,2020-08-15,44239.81,0
875,50,2020-11-15,75117.89,0
876,791,2020-05-02,32308.94,0
877,387,2023-08-08,47513.85,1
878,786,2020-03-06,12668.88,0
879,207,2023-05-22,97018.45,0
880,952,2020-12-21,58891.51,0
881,256,2022-10-27,39528.33,1
882,384,2020-11-24,44664.85,1
883,931,2020-01-23,24558.54,1
884,245,2022-03-22,42414.08,1
885,205,2022-05-17,30020.12,0
886,94,2023-10-24,30589.03,0
887,17,2022-07-19,71179.31,1
888,432,2023-02-08,52139.57,1
889,29,2023-12-27,40093.61,0
890,15,2021-06-12,99335.93,1
891,346,2023-03-17,73573.07,0
892,841,2022-10-24,95291.37,1
893,197,2021-09-18,76981.94,1
894,697,2023-12-23,72314.14,1
895,686,2021-04-10,46870.22,0
896,65,2022-05-17,59054.31,1
897,226,2020-11-17,5414.51,0
898,982,2021-07-10,77806.96,0
899,904,2020-07-07,46367.27,0
900,99,2022-12-04,49250.21,1
901,817,2022-02-12,13568.0,1
902,856,2020-09-13,33129.15,0
903,851,2021-03-09,16945.81,0
904,681,2022-03-31,64101.64,0
905,172,2023-06-21,11112.55,1
906,742,2020-04-24,57405.89,1
907,172,2021-03-24,23145.14,0
908,46,2022-03-14,94383.05,1
909,426,2021-01-11,60560.72,1
910,525,2023-02-19,11137.21,0
911,111,2023-05-24,42109.92,1
912,836,2020-06-07,84292.83,0
913,335,2023-11-19,53770.35,1
914,331,2022-08-17,84446.05,1
915,576,2022-09-04,76776.42,0
916,642,2021-10-03,8716.5,1
917,195,2023-08-29,50861.52,0
918,640,2023-08-07,42950.28,1
919,213,2022-04-09,74829.58,1
920,957,2022-02-18,83929.37,0
921,555,2020-12-03,6541.44,0
922,405,2020-04-21,69832.77,0
923,962,2022-01-30,61076.82,1
924,439,2023-08-17,87528.51,1
925,124,2022-05-18,29010.05,1
926,238,2021-02-02,23294.75,1
927,219,2021-07-06,57553.72,1
928,109,2020-08-10,50406.51,0
929,366,2020-08-01,51482.1,1
930,332,2020-06-08,96069.1,1
931,178,2022-01-12,25866.72,0
932,16,2023-05-20,47753.09,1
933,412,2021-11-18,49850.64,0
934,670,2020-02-27,56816.3,0
935,324,2021-05-05,74749.44,0
936,13,2021-07-31,74107.72,0
937,399,2020-11-29,92359.35,1
938,218,2023-01-14,44293.1,1
939,470,2020-08-06,10517.93,0
940,226,2020-05-13,15346.4,1
941,68,2021-03-09,4321.58,1
942,674,2023-05-07,53434.08,1
943,835,2020-01-23,14783.34,0
944,286,2021-09-25,22144.66,1
945,666,2021-01-19,87365.67,1
946,639,2023-02-03,14025.47,1
947,378,2021-02-17,88893.77,1
948,45,2023-07-31,51032.9,1
949,69,2020-03-07,63738.0,1
950,907,2021-05-07,53885.14,1
951,224,2021-07-05,16566.94,0
952,421,2020-06-23,87798.86,1
953,309,2023-03-13,43560.29,1
954,786,2023-03-02,3898.08,0
955,614,2020-04-01,14405.58,1
956,512,2023-02-28,99587.2,1
957,105,2022-09-17,72834.47,1
958,730,2020-04-03,88381.94,0
959,550,2020-04-08,29297.44,1
960,811,2021-10-06,34271.46,0
961,945,2020-07-09,89285.87,1
962,871,2021-09-24,57689.61,0
963,583,2020-01-18,19096.73,0
964,176,2021-12-31,31149.09,0
965,258,2021-08-01,69447.32,0
966,983,2022-03-26,80872.93,0
967,98,2022-10-21,95343.55,0
968,615,2021-02-03,39011.57,0
969,333,2021-10-06,61638.22,1
970,647,2022-03-11,48794.67,0
971,714,2024-01-26,23429.86,0
972,398,2021-12-29,35027.19,0
973,695,2020-09-22,75436.13,0
974,947,2023-12-10,99630.09,0
975,996,2023-10-13,93000.64,0
976,790,2020-07-18,18931.11,0
977,711,2021-11-09,72362.9,1
978,137,2022-04-14,48965.43,0
979,341,2022-10-28,33815.74,0
980,180,2020-07-25,20384.9,1
981,651,2022-10-25,48637.86,1
982,780,2020-11-03,99351.1,0
983,906,2020-02-18,3543.44,0
984,705,2023-04-17,71042.07,0
985,326,2022-02-21,22328.96,0
986,872,2022-09-03,12103.24,0
987,683,2023-04-15,47483.58,0
988,494,2020-03-17,12187.31,0
989,70,2021-08-17,63622.36,0
990,344,2020-11-26,60662.08,0
991,19,2020-11-06,9476.88,0
992,624,2023-10-29,64725.32,1
993,934,2022-08-06,88684.29,0
994,600,2020-06-10,36460.87,0
995,460,2023-07-05,4370.56,0
996,392,2020-07-10,21686.14,0
997,524,2024-01-11,30566.19,1
998,656,2021-04-19,91416.54,1
999,760,2021-03-17,44338.07,0
1000,239,2023-10-27,73744.34,1
1001,516,2023-09-01,38625.66,0
1002,602,2020-10-15,77397.92,1
1003,722,2024-01-11,93627.87,0
1004,14,2020-11-25,57427.89,1
1005,239,2022-10-24,65235.14,1
1006,22,2022-11-23,22651.05,0
1007,632,2024-02-01,60486.0,1
1008,778,2023-05-31,12988.7,0
1009,919,2023-08-27,23994.82,0
1010,128,2022-12-07,20297.55,0
1011,317,2021-11-30,57675.0,0
1012,243,2022-07-05,15290.3,0
1013,756,2020-09-25,53664.83,1
1014,439,2021-11-25,65548.52,0
1015,776,2021-08-18,40145.81,0
1016,250,2022-01-07,58838.6,0
1017,635,2023-06-30,85779.82,0
1018,82,2022-06-01,61663.2,0
1019,62,2020-03-22,96765.91,0
1020,141,2023-12-30,74514.76,1
1021,384,2023-10-30,62741.06,0
1022,511,2022-03-04,91195.29,0
1023,304,2021-05-04,23302.75,1
1024,207,2021-03-03,3259.07,1
1025,156,2023-06-04,25487.61,1
1026,385,2023-05-27,23995.02,1
1027,210,2020-06-02,93166.07,0
1028,658,2020-11-08,62647.6,1
1029,39,2023-03-07,16903.33,1
1030,244,2023-07-09,49120.01,1
1031,946,2022-10-15,3023.95,0
1032,743,2020-07-18,10545.38,0
1033,613,2020-01-31,97074.68,1
1034,969,2020-10-19,16286.57,1
1035,455,2021-09-25,81301.74,0
1036,757,2023-01-25,44264.36,0
1037,899,2020-06-27,48753.84,0
1038,337,2022-10-18,32348.16,0
1039,138,2020-07-11,76720.72,1
1040,285,2022-07-20,26354.97,1
1041,326,2021-10-04,41144.93,0
1042,660,2020-12-13,78070.2,1
1043,806,2021-08-28,71505.73,0
1044,779,2020-11-26,37434.19,1
1045,41,2020-05-19,84348.99,0
1046,534,2021-07-27,33746.28,0
1047,811,2023-03-26,10585.37,1
1048,425,2022-01-14,61721.96,1
1049,664,2021-12-24,23748.24,0
1050,833,2020-07-01,19113.28,1
1051,296,2020-05-25,64475.68,1
1052,769,2021-01-01,29940.47,1
1053,25,2023-12-26,16859.75,1
1054,235,2022-08-01,45412.59,1
1055,868,2021-06-12,45839.74,1
1056,751,2022-08-27,70424.68,1
1057,340,2021-06-08,27302.29,1
1058,351,2022-06-24,14663.26,1
1059,249,2023-08-24,90276.93,1
1060,211,2020-10-14,66252.94,0
1061,553,2020-09-10,20267.2,0
1062,56,2023-03-10,87015.43,0
1063,929,2022-09-26,85971.11,0
1064,940,2020-03-22,77762.24,1
1065,681,2022-01-14,36561.18,1
1066,255,2021-08-10,44135.56,1
1067,821,2022-04-01,62846.5,1
1068,704,2022-04-17,88000.6,1
1069,713,2023-06-23,92298.8,1
1070,737,2023-10-25,21525.45,1
1071,228,2020-09-21,39297.97,1
1072,623,2022-06-21,93519.67,1
1073,894,2022-01-21,99557.53,0
1074,391,2022-11-15,21996.1,0
1075,534,2023-07-03,38016.16,1
1076,330,2021-10-04,21904.19,1
1077,188,2022-02-04,59860.28,0
1078,453,2020-06-19,34859.8,0
1079,645,2023-10-29,91370.95,1
1080,7,2022-04-26,91833.29,1
1081,67,2022-11-02,51770.96,0
1082,891,2022-07-10,4260.47,1
1083,504,2021-06-22,29483.7,1
1084,72,2023-10-29,65780.16,0
1085,977,2020-03-28,65242.38,1
1086,198,2023-06-25,41634.52,0
1087,54,2023-08-11,99586.57,0
1088,650,2020-04-26,71313.66,0
1089,145,2021-05-16,29594.86,0
1090,961,2023-12-04,8551.02,0
1091,210,2023-02-22,58501.55,0
1092,129,2020-01-17,5951.37,1
1093,94,2020-11-12,72648.86,1
1094,178,2020-08-03,48668.5,0
1095,607,2021-08-18,61931.99,1
1096,563,2022-02-08,47084.63,1
1097,852,2020-11-20,19855.78,0
1098,815,2023-03-13,75743.79,0
1099,955,2022-03-28,65812.2,1
1100,210,2020-05-29,55921.97,1
1101,242,2021-04-01,13077.07,0
1102,520,2022-03-06,38844.78,1
1103,81,2022-08-04,62453.29,1
1104,437,2023-10-02,72191.11,0
1105,743,2020-07-10,71447.04,0
1106,479,2021-12-15,20160.04,1
1107,319,2022-08-12,85541.48,1
1108,169,2022-08-17,11033.99,1
1109,739,2023-08-08,83904.25,1
1110,203,2022-12-31,14584.4,0
1111,251,2022-08-10,46007.67,1
1112,435,2020-08-11,71927.31,0
1113,181,2020-06-24,33480.95,1
1114,621,2021-01-04,86215.36,0
1115,255,2024-02-07,29915.38,0
1116,311,2020-08-09,85699.86,1
1117,293,2022-03-23,66545.21,1
1118,591,2022-06-06,74533.0,1
1119,460,2021-02-12,35268.5,0
1120,991,2022-04-02,68183.12,0
1121,651,2021-11-04,90267.65,1
1122,207,2020-05-12,90080.44,0
1123,279,2021-10-11,19413.71,1
1124,884,2021-12-02,98668.22,1
1125,801,2023-05-22,73047.15,0
1126,493,2022-09-22,38526.89,1
1127,82,2021-03-11,4374.61,0
1128,974,2023-12-09,67456.05,1
1129,996,2022-09-02,43388.74,1
1130,369,2020-08-22,67769.08,1
1131,408,2021-07-24,8963.89,0
1132,387,2022-07-19,21715.17,0
1133,172,2020-03-19,76845.43,1
1134,483,2023-01-21,17308.85,1
1135,452,2020-11-14,28863.68,1
1136,433,2022-08-20,19740.77,0
1137,518,2020-10-25,7317.32,1
1138,625,2023-08-04,62027.32,1
1139,753,2021-03-13,69805.52,0
1140,444,2021-10-17,42697.4,0
1141,779,2023-03-09,64624.07,1
1142,160,2020-03-05,84686.03,1
1143,840,2023-05-16,94285.72,1
1144,977,2022-02-17,33182.96,0
1145,813,2020-05-07,57374.26,0
1146,494,2022-01-10,14418.31,1
1147,21,2022-05-30,48226.47,0
1148,781,2022-08-27,84102.25,1
1149,391,2021-03-13,11351.24,1
1150,438,2020-04-20,93236.47,1
1151,875,2021-03-09,11551.71,1
1152,86,2020-02-16,92047.08,1
1153,778,2023-11-01,20702.59,0
1154,929,2022-05-16,11382.51,0
1155,944,2021-07-06,33797.62,1
1156,308,2021-05-31,63782.62,0
1157,610,2023-07-25,4950.42,0
1158,551,2020-12-26,19425.58,0
1159,157,2020-06-20,4012.55,1
1160,567,2020-10-17,64880.72,1
1161,745,2020-05-21,47653.86,0
1162,180,2021-07-14,88088.24,1
1163,264,2022-04-09,94494.02,0
1164,390,2020-06-16,32854.89,1
1165,475,2021-09-02,69046.39,0
1166,314,2023-12-29,94437.77,1
1167,465,2022-07-13,86864.83,0
1168,291,2022-05-09,75498.62,1
1169,385,2022-12-10,74596.72,1
1170,576,2021-03-14,33117.25,1
1171,621,2023-10-03,39793.11,0
1172,493,2021-06-15,30846.43,1
1173,74,2021-01-11,30059.45,1
1174,342,2020-04-20,57808.88,0
1175,140,2020-07-08,43156.33,1
1176,733,2022-05-27,84021.7,0
1177,481,2021-12-01,29461.54,1
1178,201,2021-08-31,22324.79,0
1179,159,2020-12-02,97989.99,1
1180,939,2021-02-10,28157.35,0
1181,195,2021-12-16,45641.04,0
1182,5,2022-05-08,11963.97,0
1183,14,2022-09-13,37449.85,1
1184,883,2022-08-31,38270.48,1
1185,513,2023-01-01,77919.94,1
1186,748,2023-11-11,53735.15,0
1187,743,2020-11-25,83461.51,1
1188,384,2023-11-27,69642.87,1
1189,504,2022-06-13,19536.04,1
1190,415,2021-12-27,95117.52,1
1191,948,2023-11-20,59766.63,0
1192,426,2023-03-14,18103.31,0
1193,963,2022-03-07,58165.0,0
1194,405,2020-01-21,99394.3,1
1195,994,2023-02-22,45083.78,0
1196,761,2023-05-07,65662.77,0
1197,383,2021-02-10,69155.72,1
1198,394,2020-06-08,31002.83,0
1199,502,2024-01-20,36191.57,1
1200,316,2023-09-29,96943.57,1
1201,657,2023-03-30,56506.29,0
1202,603,2023-06-16,75083.78,1
1203,73,2020-10-23,29088.16,1
1204,419,2021-10-25,52787.43,0
1205,907,2023-09-22,23440.03,0
1206,40,2021-10-10,24170.73,1
1207,944,2020-01-30,28302.05,0
1208,128,2020-11-04,92426.18,0
1209,395,2022-07-28,53151.89,1
1210,955,2020-10-29,64218.03,0
1211,580,2022-10-19,49095.35,1
1212,167,2021-10-10,48322.95,1
1213,199,2020-08-20,34330.12,0
1214,782,2023-10-12,57685.63,1
1215,447,2022-04-12,66855.57,1
1216,981,2021-06-22,90423.67,0
1217,262,2022-12-02,34270.09,1
1218,790,2024-01-19,13147.46,1
1219,936,2020-01-08,37811.76,0
1220,770,2022-07-11,90399.33,1
1221,740,2020-09-14,18398.8,1
1222,357,2023-07-23,49123.1,1
1223,522,2022-07-09,35657.17,0
1224,727,2023-08-01,90589.05,1
1225,501,2023-03-30,21149.82,1
1226,651,2020-07-18,37726.44,0
1227,706,2020-03-15,18786.33,0
1228,378,2021-03-23,56037.48,1
1229,714,2021-01-19,75948.38,0
1230,60,2022-05-10,45583.85,0
1231,667,2023-11-27,62811.4,0
1232,395,2023-01-23,60576.75,1
1233,949,2020-12-06,70366.35,1
1234,435,2023-05-15,73902.62,1
1235,754,2022-02-12,48936.49,0
1236,253,2021-03-18,26628.11,1
1237,249,2021-12-13,73167.13,1
1238,490,2021-03-05,61291.37,0
1239,36,2021-01-26,49808.09,1
1240,944,2023-10-23,41911.85,1
1241,833,2023-03-27,6892.51,1
1242,371,2020-01-30,93111.99,0
1243,647,2022-01-28,25727.4,1
1244,724,2022-01-15,93671.18,0
1245,693,2020-02-03,92907.98,1
1246,29,2021-09-10,13461.97,1
1247,715,2021-09-20,44311.74,0
1248,682,2022-10-25,29128.02,0
1249,661,2020-09-12,59016.34,0
1250,152,2023-12-03,60528.38,1
1251,268,2022-10-19,18910.52,0
1252,620,2023-08-21,19139.32,0
1253,467,2022-07-22,32156.53,0
1254,967,2022-04-27,60894.56,0
1255,698,2022-04-20,70670.26,0
1256,151,2021-12-21,53836.29,0
1257,261,2021-12-22,95294.91,0
1258,254,2023-01-15,58094.86,0
1259,617,2022-05-22,16536.27,1
1260,593,2022-12-07,67350.42,1
1261,975,2021-11-18,79491.23,1
1262,679,2020-08-20,8218.61,0
1263,862,2020-12-26,11768.67,1
1264,166,2022-07-28,79907.75,1
1265,13,2022-05-27,16721.71,0
1266,120,2022-02-03,36571.94,1
1267,790,2020-12-28,41411.41,1
1268,95,2023-02-06,47677.01,0
1269,660,2023-05-03,66885.03,1
1270,729,2020-11-29,22439.43,1
1271,939,2023-01-16,19690.64,0
1272,394,2022-06-11,32830.1,0
1273,408,2022-02-20,20905.58,0
1274,724,2021-08-06,86202.93,1
1275,601,2023-09-12,45345.24,0
1276,998,2023-11-11,73241.04,0
1277,923,2023-10-25,17951.38,1
1278,83,2022-06-14,56868.78,0
1279,531,2023-07-22,78234.03,0
1280,932,2021-08-03,3479.64,0
1281,194,2023-12-08,18454.99,0
1282,898,2023-06-24,12691.61,0
1283,434,2020-07-22,56333.42,0
1284,170,2020-06-28,41222.59,1
1285,850,2020-07-31,23611.71,0
1286,438,2020-07-02,48813.68,0
1287,259,2023-08-23,39500.28,0
1288,709,2020-02-03,47957.95,0
1289,310,2023-06-16,26545.97,0
1290,513,2022-04-22,91944.12,0
1291,991,2020-07-31,40594.67,1
1292,546,2022-10-13,33880.6,1
1293,675,2023-07-01,93720.45,1
1294,908,2023-01-20,41788.71,1
1295,392,2020-07-23,34729.85,0
1296,601,2023-07-21,30469.88,1
1297,316,2022-06-28,68450.71,1
1298,752,2022-10-27,87650.33,0
1299,422,2023-04-05,60903.07,1
1300,771,2020-03-07,54809.17,0
1301,898,2023-09-29,36646.12,0
1302,947,2021-08-16,67978.04,0
1303,746,2022-05-11,97111.89,0
1304,891,2021-03-09,5608.94,0
1305,92,2021-04-01,88902.05,0
1306,112,2022-07-20,20281.52,1
1307,652,2023-02-03,25810.29,0
1308,587,2022-02-19,38141.2,1
1309,796,2020-08-22,51641.23,0
1310,817,2021-02-04,3154.38,1
1311,353,2022-08-19,61119.51,0
1312,834,2020-09-11,41623.53,1
1313,147,2021-12-19,10495.15,0
1314,276,2022-08-08,25317.13,0
1315,767,2022-04-25,51495.12,0
1316,215,2023-08-13,7292.05,1
1317,953,2023-12-12,32287.98,1
1318,767,2022-03-21,12006.48,1
1319,408,2020-01-16,40254.45,1
1320,716,2022-02-06,20447.94,0
1321,316,2021-04-03,17622.51,0
1322,7,2022-11-05,33175.93,1
1323,173,2021-08-03,68501.47,1
1324,836,2021-07-02,49623.25,0
1325,504,2023-09-10,28318.89,1
1326,2,2021-06-25,95636.66,1
1327,100,2021-09-21,20413.24,1
1328,72,2022-04-29,41626.97,0
1329,793,2023-10-10,53182.81,1
1330,714,2021-05-09,13323.76,1
1331,428,2020-01-09,81204.21,0
1332,538,2022-04-29,36589.83,1
1333,427,2020-03-07,74069.05,1
1334,671,2020-02-01,66619.25,0
1335,296,2020-02-23,42233.93,0
1336,751,2020-11-10,81270.82,0
1337,442,2022-02-05,18605.73,0
1338,175,2022-11-28,15487.73,1
1339,181,2023-05-13,52176.13,0
1340,384,2021-10-12,69570.97,0
1341,191,2021-11-17,4124.1,0
1342,721,2020-12-15,66420.27,1
1343,138,2023-03-17,68008.91,0
1344,203,2022-05-30,43978.34,1
1345,499,2021-05-10,8287.59,1
1346,187,2023-02-12,44223.18,1
1347,515,2022-03-12,74980.31,0
1348,972,2021-01-29,14247.97,0
1349,113,2023-06-16,81291.13,1
1350,462,2023-08-12,91096.45,0
1351,581,2022-03-16,51699.97,0
1352,834,2020-04-15,78757.34,1
1353,218,2023-03-29,72066.28,0
1354,191,2022-05-28,84884.34,0
1355,206,2020-09-20,97261.71,0
1356,61,2023-07-27,13832.2,1
1357,768,2022-03-10,20347.44,0
1358,188,2024-01-31,44134.32,1
1359,829,2020-12-21,76682.25,1
1360,778,2022-04-05,87420.49,1
1361,197,2021-10-13,10760.88,1
1362,266,2022-11-25,3674.8,1
1363,924,2020-11-20,94975.52,0
1364,893,2022-06-14,71633.78,1
1365,419,2021-04-18,28010.15,1
1366,452,2020-07-22,52944.94,1
1367,642,2023-12-25,62608.45,0
1368,935,2020-09-15,87603.9,0
1369,640,2022-10-29,45184.14,0
1370,112,2020-08-30,48082.03,0
1371,890,2023-07-17,6864.91,0
1372,652,2023-03-27,87185.98,0
1373,171,2022-03-13,47644.32,0
1374,82,2023-07-08,7857.13,1
1375,301,2021-06-16,61134.84,0
1376,88,2023-02-06,38821.75,1
1377,387,2020-11-21,44293.15,1
1378,128,2021-10-22,68474.64,1
1379,284,2021-02-21,77382.87,0
1380,66,2020-07-09,5282.44,0
1381,351,2020-07-10,28921.85,0
1382,31,2020-02-22,31444.25,1
1383,600,2022-06-14,43454.84,0
1384,241,2020-01-24,46336.7,0
1385,490,2023-07-11,31875.28,1
1386,497,2023-04-30,6454.66,1
1387,689,2020-11-09,13833.28,0
1388,779,2020-02-26,73994.72,1
1389,104,2023-06-19,54533.05,1
1390,10,2023-12-20,41432.81,0
1391,63,2023-01-18,19997.66,1
1392,273,2020-06-10,54893.56,0
1393,770,2023-03-17,15227.3,0
1394,979,2022-02-22,17030.5,1
1395,8,2020-02-21,50864.68,0
1396,682,2020-09-24,89593.52,1
1397,597,2022-07-18,36502.47,1
1398,809,2023-07-23,47429.0,0
1399,43,2023-07-17,62872.39,0
1400,100,2022-01-03,92121.19,0
1401,217,2021-01-17,90647.31,1
1402,535,2021-05-05,93429.83,0
1403,811,2023-08-29,82587.11,0
1404,8,2021-03-30,58199.62,0
1405,385,2021-08-31,6942.18,0
1406,618,2021-01-31,34679.08,0
1407,533,2023-01-01,6713.88,1
1408,986,2021-05-17,62107.29,1
1409,780,2024-01-27,73209.59,1
1410,273,2022-02-13,81810.22,0
1411,955,2021-06-17,12808.9,1
1412,498,2023-09-12,52725.33,0
1413,485,2020-04-15,73363.71,0
1414,776,2021-07-17,35763.96,0
1415,346,2020-06-18,64763.88,0
1416,619,2020-10-21,32292.64,1
1417,440,2023-07-08,41871.74,1
1418,345,2020-02-17,20841.24,0
1419,380,2023-07-31,75436.4,0
1420,699,2023-04-01,72994.61,1
1421,912,2020-07-30,75040.44,1
1422,352,2020-08-15,10690.48,1
1423,323,2022-07-29,91497.62,1
1424,837,2023-05-05,96620.52,0
1425,246,2020-09-08,79983.55,0
1426,964,2020-08-07,58376.83,0
1427,370,2020-10-17,99507.09,0
1428,682,2021-08-01,62711.4,1
1429,409,2021-06-20,55298.29,1
1430,388,2021-01-04,79991.18,1
1431,626,2020-07-09,70342.94,0
1432,59,2020-06-07,7736.63,1
1433,999,2022-10-09,58613.59,0
1434,365,2022-01-10,23875.3,1
1435,895,2021-03-01,93741.39,0
1436,339,2022-03-11,29654.32,0
1437,826,2020-07-25,69819.74,1
1438,103,2022-10-02,21014.21,0
1439,4,2020-02-14,51651.62,0
1440,468,2022-04-27,7436.99,1
1441,892,2020-05-30,41671.05,1
1442,716,2022-09-23,20582.26,0
1443,412,2023-07-05,30636.51,0
1444,743,2020-06-05,3489.95,1
1445,856,2021-03-06,23092.23,1
1446,910,2023-11-08,78858.91,0
1447,948,2022-05-09,66749.64,1
1448,143,2022-02-07,29652.56,1
1449,27,2021-10-04,47856.8,1
1450,617,2023-07-21,79655.05,0
1451,126,2022-07-12,64581.1,1
1452,890,2020-11-25,12423.33,1
1453,544,2021-01-03,24808.0,0
1454,287,2021-09-03,71773.83,1
1455,974,2020-01-21,24442.6,1
1456,717,2020-12-31,62304.47,1
1457,770,2023-09-12,73631.91,0
1458,835,2023-03-07,62103.67,1
1459,255,2023-07-16,47682.48,1
1460,378,2023-05-27,43814.18,1
1461,463,2020-03-05,60737.38,1
1462,634,2020-08-28,55521.42,1
1463,703,2021-12-03,49133.48,0
1464,675,2021-12-11,57092.74,1
1465,891,2022-09-18,36266.22,1
1466,487,2023-06-11,34005.35,1
1467,528,2023-05-13,82794.98,1
1468,424,2023-01-24,17722.53,0
1469,677,2020-01-11,85872.53,1
1470,193,2020-11-20,51400.54,0
1471,4,2022-12-04,54627.32,1
1472,654,2021-06-05,19491.3,1
1473,981,2020-09-06,40835.94,1
1474,965,2021-01-29,42085.01,1
1475,833,2023-05-26,67087.75,0
1476,330,2020-03-01,58417.39,0
1477,18,2023-01-02,10625.03,1
1478,649,2020-02-17,50194.24,0
1479,369,2022-11-26,98539.88,1
1480,895,2022-11-14,11059.92,0
1481,47,2020-11-08,75557.06,0
1482,993,2021-03-18,54370.4,0
1483,827,2022-01-17,32491.17,1
1484,754,2020-08-23,75833.18,0
1485,334,2021-03-20,46795.42,1
1486,695,2020-03-01,48335.87,0
1487,455,2021-11-01,18122.35,0
1488,240,2020-10-10,59738.88,0
1489,622,2021-03-26,63553.72,0
1490,497,2020-06-19,57794.57,1
1491,410,2024-01-30,43293.12,0
1492,757,2023-11-17,77199.2,0
1493,628,2020-09-16,75884.68,1
1494,814,2021-07-02,30537.11,1
1495,84,2021-07-14,75173.05,0
1496,357,2022-09-13,98998.98,1
1497,439,2021-02-12,39402.58,1
1498,962,2020-07-07,55146.49,1
1499,954,2021-12-14,39707.6,1
1500,965,2023-12-21,95035.45,0
1501,954,2023-02-03,14978.92,1
1502,488,2023-08-28,41387.72,1
1503,675,2021-08-25,23496.6,0
1504,878,2022-08-14,13731.38,0
1505,717,2022-10-12,31066.85,1
1506,927,2022-06-12,86894.65,0
1507,103,2022-11-15,77386.84,0
1508,752,2022-03-30,98485.12,0
1509,395,2021-01-30,97952.96,0
1510,301,2021-05-27,56356.82,1
1511,622,2020-12-20,37146.39,0
1512,200,2021-02-09,24122.0,0
1513,730,2023-11-08,90344.51,1
1514,147,2024-01-09,30051.33,0
1515,891,2021-07-29,77738.47,1
1516,533,2022-03-15,64136.74,1
1517,898,2020-07-29,67430.75,0
1518,586,2023-04-10,69623.86,0
1519,804,2023-04-18,64412.89,0
1520,878,2021-09-30,64712.61,0
1521,734,2020-12-05,51723.55,0
1522,517,2021-02-25,54653.31,0
1523,33,2024-01-18,24834.62,1
1524,131,2022-09-26,42184.7,0
1525,510,2022-06-06,76412.33,0
1526,816,2022-07-02,30769.49,0
1527,90,2022-05-17,92681.38,0
1528,309,2023-05-06,18225.88,0
1529,853,2021-07-10,87714.16,1
1530,690,2021-10-14,41805.27,1
1531,562,2023-06-29,3323.73,0
1532,896,2020-08-08,83497.03,1
1533,479,2023-05-28,77004.69,1
1534,173,2022-02-23,66650.49,1
1535,918,2022-05-29,69285.12,0
1536,457,2021-02-13,12537.34,1
1537,978,2023-03-07,59275.31,1
1538,119,2021-12-23,43555.69,1
1539,494,2022-02-04,43572.15,1
1540,679,2023-07-19,21320.87,0
1541,554,2020-05-11,5816.98,1
1542,247,2022-07-09,24746.68,1
1543,250,2020-12-08,62141.49,1
1544,217,2020-03-10,51826.04,0
1545,175,2022-11-13,10809.06,1
1546,772,2021-06-02,58346.72,0
1547,967,2023-04-16,42651.2,1
1548,676,2022-04-19,5214.86,1
1549,717,2021-08-24,62151.81,1
1550,92,2023-05-21,19146.51,0
1551,109,2023-08-14,63673.03,1
1552,446,2022-12-22,69383.22,1
1553,733,2021-12-22,95329.07,1
1554,30,2022-03-26,5203.79,0
1555,165,2020-03-02,61330.23,1
1556,952,2020-08-22,79618.35,1
1557,952,2021-01-03,40765.92,1
1558,335,2021-10-22,52599.54,0
1559,925,2022-05-29,21724.06,1
1560,393,2021-01-15,91581.06,0
1561,785,2022-01-02,47403.58,1
1562,288,2021-05-17,73136.83,0
1563,226,2020-05-28,26213.59,1
1564,737,2021-03-16,48800.38,1
1565,264,2023-09-07,72140.87,0
1566,682,2022-01-31,22379.17,0
1567,488,2022-01-31,15867.06,0
1568,975,2020-10-24,9286.84,0
1569,920,2021-10-05,5996.31,1
1570,687,2020-09-07,59027.42,1
1571,127,2020-01-20,47541.71,1
1572,682,2021-10-14,69316.1,0
1573,140,2023-11-10,46034.36,1
1574,945,2020-01-23,26462.71,0
1575,548,2024-01-08,20157.16,1
1576,649,2021-11-04,47756.4,1
1577,743,2021-03-13,65213.79,1
1578,504,2022-08-11,80957.64,0
1579,93,2023-03-08,84273.92,1
1580,815,2021-10-20,87592.29,0
1581,709,2021-04-21,91161.23,0
1582,341,2023-02-24,26751.76,0
1583,893,2020-05-15,73038.49,0
1584,230,2022-02-28,9774.7,1
1585,955,2021-08-03,75615.03,0
1586,590,2023-05-17,69156.29,0
1587,785,2021-03-10,42415.63,1
1588,947,2022-12-15,53417.45,1
1589,616,2021-03-21,48610.29,1
1590,67,2020-07-29,40375.61,0
1591,660,2023-02-22,78955.15,1
1592,352,2021-07-23,95884.76,0
1593,387,2024-01-06,88685.63,1
1594,933,2023-05-29,55122.12,0
1595,735,2023-10-06,72432.1,1
1596,761,2020-06-02,61876.76,1
1597,754,2023-03-21,98953.25,0
1598,743,2023-08-16,72332.13,0
1599,391,2022-05-13,45536.55,1
1600,670,2023-10-29,83292.12,1
1601,658,2022-06-10,8799.27,1
1602,804,2021-10-12,81731.25,0
1603,576,2021-10-17,83345.85,0
1604,990,2021-02-09,73339.6,0
1605,877,2021-02-07,6870.93,0
1606,448,2020-04-11,41744.66,1
1607,828,2022-10-08,92956.82,1
1608,239,2022-10-18,64039.02,0
1609,229,2020-04-05,45684.44,0
1610,266,2021-07-16,79380.08,1
1611,119,2022-05-12,13051.43,0
1612,298,2020-09-01,85165.83,1
1613,90,2020-09-11,76520.22,0
1614,115,2022-07-16,59241.76,1
1615,92,2020-12-16,79787.0,0
1616,349,2023-05-16,73033.44,0
1617,759,2021-10-31,38547.06,1
1618,607,2023-04-25,66684.09,1
1619,960,2022-02-23,16769.16,0
1620,193,2021-04-29,26577.66,1
1621,763,2023-03-26,49811.33,0
1622,965,2020-02-13,28657.25,0
1623,119,2021-08-06,35012.49,0
1624,587,2020-02-06,70290.46,0
1625,377,2023-08-11,47449.48,0
1626,131,2023-03-25,71781.04,0
1627,874,2020-01-10,75992.74,1
1628,321,2022-08-03,76427.12,1
1629,977,2021-08-05,36216.96,1
1630,390,2020-09-25,69851.83,1
1631,591,2022-04-04,35074.14,0
1632,755,2020-03-16,46686.49,1
1633,2,2022-12-28,28018.41,0
1634,319,2022-12-16,29704.0,1
1635,64,2020-03-21,6467.23,1
1636,605,2021-11-21,16582.04,0
1637,549,2023-08-13,53612.59,1
1638,195,2020-02-03,5516.23,1
1639,868,2020-05-22,88376.55,1
1640,398,2022-08-20,57663.33,0
1641,434,2020-07-13,72238.9,0
1642,328,2022-04-30,32746.28,0
1643,790,2024-01-21,72436.16,1
1644,374,2021-09-08,58061.07,1
1645,817,2021-07-16,32559.91,1
1646,696,2021-10-11,72168.65,1
1647,957,2021-12-09,68308.04,0
1648,816,2022-03-30,17980.8,0
1649,130,2020-06-12,81104.27,0
1650,533,2023-02-13,15469.65,0
1651,680,2021-10-03,61922.59,0
1652,617,2022-10-08,86337.32,0
1653,605,2023-06-08,27958.66,0
1654,228,2020-04-06,25108.05,0
1655,110,2022-03-16,85539.16,1
1656,405,2021-09-03,59573.35,1
1657,10,2023-11-27,17391.25,1
1658,552,2022-07-19,4170.47,1
1659,873,2022-10-07,38323.69,0
1660,472,2023-08-05,52333.38,0
1661,324,2020-09-05,87412.56,1
1662,149,2022-02-04,53131.34,0
1663,836,2023-06-19,49266.51,0
1664,966,2020-07-29,90300.39,0
1665,304,2020-02-29,97323.12,0
1666,858,2021-04-03,65453.6,0
1667,225,2020-04-07,59952.14,1
1668,512,2020-01-22,51606.24,0
1669,697,2020-10-11,53763.73,1
1670,467,2020-08-03,39663.94,0
1671,151,2021-10-23,92829.98,1
1672,616,2023-11-09,65892.52,0
1673,291,2024-01-23,87465.88,0
1674,150,2022-06-11,49759.09,0
1675,765,2021-04-08,49947.85,1
1676,682,2020-12-14,39847.62,0
1677,870,2020-06-29,67868.25,1
1678,821,2021-01-26,9281.0,0
1679,848,2024-01-22,24808.04,1
1680,720,2022-01-25,23023.64,0
1681,36,2023-01-05,17558.59,1
1682,614,2020-01-11,62038.2,0
1683,328,2023-11-10,73689.9,0
1684,317,2020-04-17,14600.37,1
1685,515,2021-06-15,22103.39,1
1686,706,2020-03-29,51382.65,1
1687,127,2020-08-14,58232.58,0
1688,281,2020-04-08,64947.75,0
1689,869,2021-09-15,4183.48,0
1690,724,2020-06-02,75386.89,1
1691,588,2021-06-24,82432.96,0
1692,490,2021-11-05,79405.49,0
1693,647,2023-11-09,90119.06,0
1694,849,2023-06-08,74913.65,0
1695,221,2022-02-16,38265.35,0
1696,507,2021-07-06,6185.53,1
1697,299,2023-12-01,63761.0,0
1698,722,2020-12-14,95346.74,0
1699,990,2020-10-09,52219.4,0
1700,386,2023-04-09,29332.94,1
1701,61,2022-08-01,96280.65,1
1702,830,2020-09-02,85120.75,0
1703,342,2020-09-15,55159.72,1
1704,157,2021-10-15,10706.39,1
1705,848,2020-10-30,80398.03,0
1706,734,2023-04-11,46323.39,1
1707,216,2022-04-26,53726.03,0
1708,869,2023-07-28,26735.15,1
1709,751,2022-07-04,80335.18,1
1710,957,2023-09-30,20720.41,0
1711,830,2020-09-07,93824.34,0
1712,231,2022-12-04,86179.69,1
1713,718,2022-12-16,25148.97,1
1714,754,2021-05-07,72585.89,1
1715,54,2023-03-29,20210.78,0
1716,946,2022-09-05,97999.62,0
1717,887,2023-09-16,28779.04,1
1718,795,2022-09-30,29915.23,1
1719,184,2021-07-28,75081.71,0
1720,878,2021-10-21,74133.71,0
1721,500,2024-02-05,91994.28,1
1722,745,2022-09-15,90895.67,1
1723,402,2021-04-07,15857.25,0
1724,307,2020-07-07,32367.8,1
1725,835,2021-06-24,23150.01,0
1726,676,2021-08-29,26662.24,1
1727,935,2023-12-27,76883.01,0
1728,869,2020-06-18,49296.38,0
1729,164,2021-12-23,12532.21,0
1730,23,2023-02-17,88519.15,0
1731,562,2021-05-11,7955.03,1
1732,402,2023-09-12,79631.56,1
1733,346,2023-08-18,10086.29,1
1734,433,2021-02-25,49395.01,1
1735,695,2023-11-24,45864.11,1
1736,485,2020-06-08,49175.47,1
1737,357,2020-06-02,12687.96,1
1738,776,2022-10-09,60169.46,1
1739,401,2020-05-03,61034.5,1
1740,401,2021-03-11,32096.21,1
1741,74,2020-01-27,3931.44,1
1742,541,2023-10-05,44686.3,1
1743,745,2021-03-18,90783.92,0
1744,290,2022-08-16,72838.2,1
1745,290,2022-02-27,45936.26,1
1746,714,2021-01-19,65334.85,0
1747,946,2022-09-25,60126.94,1
1748,200,2020-08-02,64588.46,1
1749,718,2021-11-28,76287.68,0
1750,877,2021-03-03,99247.06,1
1751,562,2023-04-24,27419.53,1
1752,404,2022-12-16,42495.38,1
1753,100,2022-11-18,29262.09,1
1754,135,2021-10-03,64219.43,0
1755,332,2021-09-30,34878.02,1
1756,771,2023-12-22,49878.13,1
1757,811,2022-07-18,30524.3,0
1758,595,2023-09-04,65592.13,0
1759,887,2020-11-11,28627.39,1
1760,825,2022-10-30,54622.43,1
1761,56,2020-08-04,36090.8,0
1762,871,2020-09-23,68750.73,1
1763,958,2021-03-24,51797.04,1
1764,727,2022-01-14,63714.41,1
1765,312,2022-02-28,13812.6,1
1766,469,2022-07-15,76391.39,1
1767,671,2023-06-24,20671.49,0
1768,168,2022-11-17,3632.18,0
1769,592,2021-02-19,89656.62,1
1770,141,2022-03-30,52426.15,0
1771,453,2021-01-19,51091.43,1
1772,713,2020-05-20,20343.13,1
1773,495,2021-07-23,76762.47,0
1774,299,2022-05-16,68278.69,1
1775,919,2020-12-02,12173.09,0
1776,149,2023-11-06,86616.9,0
1777,215,2021-09-21,36215.88,1
1778,224,2023-03-28,69635.02,0
1779,824,2023-08-20,82788.1,0
1780,767,2020-07-28,21778.76,1
1781,201,2020-10-28,13545.04,0
1782,753,2022-08-02,25484.87,1
1783,667,2020-08-07,32798.43,1
1784,10,2020-08-13,32622.23,0
1785,371,2021-05-07,77342.79,1
1786,744,2020-02-03,48771.94,1
1787,877,2022-08-01,69420.39,1
1788,590,2021-01-18,92972.5,1
1789,105,2021-06-30,23398.32,1
1790,695,2020-02-28,68173.06,0
1791,805,2022-09-02,34405.25,1
1792,880,2023-09-17,21614.69,0
1793,152,2022-12-23,41435.28,1
1794,386,2022-07-16,19662.4,0
1795,974,2021-12-21,18320.49,1
1796,438,2021-06-27,67271.3,1
1797,696,2020-08-30,34591.08,0
1798,862,2023-02-01,53097.23,0
1799,173,2020-06-21,48956.19,0
1800,949,2021-12-26,60737.28,1
1801,58,2022-06-02,43440.19,1
1802,99,2021-03-10,73467.42,1
1803,365,2020-11-04,25186.19,1
1804,998,2022-03-23,28496.98,1
1805,486,2022-10-25,93630.01,0
1806,184,2022-06-01,83940.59,1
1807,968,2022-11-06,38966.74,0
1808,54,2021-11-14,32704.54,1
1809,121,2020-04-18,73490.83,1
1810,528,2022-06-22,83435.44,0
1811,666,2021-07-12,33588.62,1
1812,347,2022-01-27,32877.64,1
1813,608,2020-07-19,57638.78,1
1814,445,2020-04-10,76981.44,1
1815,994,2023-08-21,3550.24,0
1816,153,2022-02-22,94178.77,0
1817,643,2024-02-08,8364.82,0
1818,740,2022-05-15,42652.41,0
1819,414,2021-02-01,65641.89,1
1820,251,2021-08-25,16573.24,0
1821,35,2021-01-22,47318.3,0
1822,122,2022-04-04,29598.11,0
1823,247,2020-12-27,82397.71,1
1824,407,2023-05-01,22614.67,0
1825,501,2021-07-19,67219.3,1
1826,310,2022-12-20,27825.15,0
1827,705,2023-05-29,83757.52,0
1828,611,2022-10-07,5296.86,1
1829,978,2022-11-28,44467.34,0
1830,177,2022-06-06,40093.41,0
1831,669,2020-08-11,57132.61,0
1832,764,2023-10-27,74684.65,0
1833,385,2020-04-12,80355.04,0
1834,795,2023-08-16,62902.92,1
1835,709,2021-05-24,45690.01,1
1836,815,2020-08-15,29574.41,1
1837,687,2021-03-25,10219.41,1
1838,675,2020-08-23,18560.54,0
1839,92,2020-04-18,73116.37,0
1840,797,2020-03-14,94324.93,0
1841,475,2023-03-24,60515.21,1
1842,886,2021-06-29,95348.4,1
1843,838,2021-05-03,94830.69,0
1844,666,2020-05-14,78779.11,0
1845,392,2022-12-25,40836.11,0
1846,282,2020-07-25,96093.98,1
1847,648,2021-07-18,71529.4,0
1848,669,2021-04-08,27235.07,0
1849,456,2023-06-24,98732.13,1
1850,377,2023-12-03,59853.09,0
1851,12,2024-01-06,8753.73,0
1852,123,2022-04-08,8443.11,0
1853,120,2022-03-13,36241.12,0
1854,85,2022-03-15,55175.88,1
1855,125,2020-07-26,45498.06,1
1856,501,2021-03-26,30570.83,0
1857,657,2023-11-17,48768.56,0
1858,685,2021-07-03,88442.42,0
1859,931,2022-10-11,10176.91,1
1860,522,2021-02-25,97786.34,0
1861,231,2020-12-16,74047.55,0
1862,24,2021-02-20,82958.14,1
1863,601,2021-12-12,87773.21,0
1864,587,2023-07-28,60211.41,0
1865,587,2021-08-12,58686.55,0
1866,492,2023-12-16,57498.13,1
1867,281,2023-05-06,45511.34,0
1868,711,2021-08-12,34800.68,0
1869,764,2020-01-07,56018.76,0
1870,97,2020-07-12,67087.01,1
1871,814,2021-01-14,56997.42,1
1872,608,2022-10-27,82279.07,1
1873,186,2023-12-05,69888.3,1
1874,394,2023-06-28,16625.35,0
1875,496,2022-09-03,77680.87,0
1876,661,2021-09-17,87460.36,0
1877,720,2023-11-09,70827.38,0
1878,445,2021-05-03,74688.65,1
1879,306,2020-12-14,95848.41,1
1880,586,2021-10-07,38039.27,1
1881,129,2023-10-27,77952.19,0
1882,102,2020-05-22,75485.5,1
1883,334,2020-12-07,23836.84,1
1884,66,2021-01-18,34162.91,0
1885,731,2021-11-11,25085.18,1
1886,931,2022-07-21,38133.77,0
1887,883,2020-10-17,22301.56,1
1888,815,2020-01-27,97229.55,1
1889,551,2023-09-26,28125.5,1
1890,190,2022-08-29,61550.84,1
1891,416,2022-05-26,93470.08,0
1892,833,2021-11-15,16606.18,1
1893,718,2020-02-12,65297.3,1
1894,21,2020-12-29,44451.1,1
1895,404,2021-06-24,81188.29,0
1896,570,2020-06-06,80415.41,1
1897,838,2020-12-15,83672.42,0
1898,550,2023-10-23,8847.78,0
1899,803,2020-01-20,98995.38,1
1900,832,2023-05-01,39227.01,0
1901,543,2021-12-22,57874.32,1
1902,501,2022-08-28,99578.48,0
1903,66,2023-04-09,96099.46,0
1904,532,2020-01-03,87688.85,1
1905,858,2022-09-27,34725.79,1
1906,599,2021-05-21,55264.51,1
1907,552,2022-08-25,30416.7,1
1908,731,2020-08-12,35374.0,0
1909,839,2020-04-02,9509.62,1
1910,810,2020-02-05,10328.6,0
1911,668,2023-03-07,11937.92,1
1912,128,2023-10-24,57154.19,1
1913,772,2021-08-18,13896.49,0
1914,772,2021-04-12,18347.72,0
1915,213,2022-12-11,52809.54,0
1916,989,2022-10-27,85594.14,1
1917,675,2020-12-08,58670.75,0
1918,920,2020-10-27,48439.34,1
1919,121,2020-07-11,66066.88,1
1920,186,2020-07-23,21516.08,1
1921,883,2021-09-15,10089.11,1
1922,614,2021-11-18,69343.46,0
1923,712,2022-07-15,82322.31,1
1924,185,2022-10-01,48174.37,1
1925,6,2021-12-19,89267.51,1
1926,569,2023-01-22,99451.92,1
1927,458,2021-06-11,17763.92,0
1928,820,2023-09-20,35051.66,1
1929,322,2022-09-23,20622.36,1
1930,126,2021-06-03,58796.71,1
1931,41,2022-01-16,47042.57,0
1932,132,2022-07-28,78767.95,1
1933,589,2020-01-28,74727.49,1
1934,212,2021-12-23,95004.86,1
1935,669,2021-09-08,89271.51,1
1936,166,2023-12-25,41942.21,0
1937,90,2021-11-14,31499.94,0
1938,576,2022-11-26,63497.91,0
1939,263,2023-09-21,40824.91,0
1940,872,2023-05-05,3828.18,0
1941,772,2022-09-18,34271.28,1
1942,36,2020-08-18,17598.01,1
1943,87,2021-07-06,85990.74,0
1944,128,2023-11-05,59684.52,0
1945,519,2022-11-29,77474.55,0
1946,306,2024-01-31,54639.33,0
1947,373,2023-08-03,66400.43,0
1948,990,2020-02-12,22432.16,0
1949,558,2020-10-29,82687.9,1
1950,176,2022-04-20,92759.59,0
1951,434,2021-03-27,89644.62,1
1952,968,2023-09-12,72345.73,1
1953,674,2020-10-17,58955.04,0
1954,1,2022-01-01,21318.2,1
1955,255,2022-10-16,17383.53,0
1956,308,2020-03-04,32922.72,1
1957,48,2021-05-15,12786.96,1
1958,969,2023-03-28,54741.94,0
1959,969,2023-11-26,94615.99,0
1960,532,2022-06-01,6826.9,1
1961,927,2022-01-06,15350.38,1
1962,802,2021-02-26,36806.4,0
1963,301,2020-07-01,9718.89,0
1964,675,2021-01-31,87443.94,0
1965,547,2022-02-12,93061.15,0
1966,456,2023-08-01,66842.2,0
1967,144,2020-08-09,22565.04,0
1968,591,2021-07-14,18839.02,1
1969,503,2023-07-07,99127.35,1
1970,712,2023-10-22,25598.95,1
1971,321,2023-01-20,92228.19,0
1972,536,2022-07-09,77917.5,0
1973,933,2022-12-15,5647.75,0
1974,361,2020-12-24,88130.85,0
1975,621,2021-06-27,94605.5,0
1976,552,2023-10-22,14941.68,0
1977,523,2021-12-15,94957.33,0
1978,215,2021-11-09,5466.12,1
1979,705,2022-03-11,87150.68,0
1980,102,2023-04-21,85856.25,0
1981,679,2022-05-04,23232.68,1
1982,840,2021-07-19,7773.79,1
1983,46,2021-09-25,45539.04,0
1984,243,2021-01-25,22267.86,0
1985,38,2020-03-25,77785.42,0
1986,193,2023-04-01,60251.07,0
1987,146,2022-12-01,15090.98,0
1988,307,2023-12-08,97016.65,1
1989,877,2021-12-04,52150.22,0
1990,853,2023-06-08,59095.44,1
1991,221,2020-09-08,53100.13,0
1992,981,2022-06-06,18799.65,0
1993,138,2022-07-20,23334.88,1
1994,617,2023-03-06,94247.49,0
1995,566,2021-12-11,74842.27,0
1996,222,2021-08-13,37763.86,0
1997,606,2020-08-13,99549.68,1
1998,368,2020-01-18,43267.4,0
1999,285,2022-10-18,23401.76,0
2000,132,2023-11-04,11806.72,0
